[1,["ecpdLyjvZBwrvm+cedCcQy","e762WZQnZDkrVsYpPVM8tr","e5KJ8nDZZK861NkuG1V0p2","8crlPhctJOm6UmiaK94rrw","e97GVMl6JHh5Ml5qEDdSGa","4cLDzBCSJL448oHD4n2Vca","derFqJsqxM7q7TrTrlXP4V","42ME2kBPJAArczKQsvNvRV","e8wS+XQtNLY6XNJtehU/PA","ded/5SljdAz7/RZCd6i7cz","f0BIwQ8D5Ml7nTNQbh1YlS","29FYIk+N1GYaeWH/q1NxQO","362oskdhlEpKQAwSc3wt7Z","a3Uk5wngtPrLLCD+Tp18bM","d1TnbBJFhIcZp7pTcjznSV","1a8ca7497","caGQr8yWlFwYi4YFHAnjR8","23CqUpEUJHfbhusWaMb3js","95SAnLSoFKBYtfLcRJXGys","aflUDO1xlEErevBfmm6Y5c","c04g59BOdLDLuA+XOkI4B/","dfLDf+z8BD37JTyRgApNO0","7e9F0++stD/6jN2iIxXXQj","af5Za30cBBv4Y9nAkcg+78","76h1J/ultHuam7mmnAIarz","734vLXUVJHd4ihcu+9zcJ3","4d7UdNh6dBmr1gWoqT9M/t","80jE3YxFdCVahwQl8fcyNH","6abqkUMjRNuoMUuK8E4OOi","124Dc+qMxH07WDGCQXf0Z2","15vL/kqGRJbZEA+4HPOaCg","3f4Ks+8SJPlrezdo1upy3P"],["node","_spriteFrame","_N$target","checkMark","_parent","_N$normalSprite","_N$pressedSprite","_N$hoverSprite","_N$disabledSprite","_textureSetter","root","renshuOptions","PS_2","PS_1","xialaView","laiziView","timeView","lblCard","lblTitle","data"],[["cc.Node",["_name","_active","_opacity","_components","_prefab","_contentSize","_parent","_trs","_children","_anchorPoint","_color"],0,9,4,5,1,7,2,5,5],["cc.Widget",["_alignFlags","alignMode","_top","_left","_bottom","_originalHeight","_originalWidth","_right","_verticalCenter","node"],-6,1],["cc.Sprite",["_sizeMode","_isTrimmedMode","_type","node","_materials","_spriteFrame"],0,1,3,6],["cc.Node",["_name","_active","_parent","_components","_prefab","_contentSize","_trs","_children","_color"],1,1,2,4,5,7,2,5],["cc.Layout",["_N$layoutType","_resize","_N$spacingY","_N$paddingTop","_N$spacingX","_N$paddingLeft","_N$paddingBottom","node","_layoutSize","_N$cellSize"],-4,1,5,5],["cc.Toggle",["_N$transition","_N$isChecked","node","_N$normalColor","_N$target","checkMark","checkEvents"],1,1,5,1,1,9],["cc.Label",["_string","_fontSize","_N$verticalAlign","_N$horizontalAlign","_lineHeight","_N$overflow","_styleFlags","node","_materials"],-4,1,3],["cc.ClickEvent",["handler","_componentId","customEventData","component","target"],-1,1],["cc.Node",["_name","_active","_parent","_components","_prefab","_contentSize","_trs","_color"],1,1,12,4,5,7,5],["cc.Button",["zoomScale","_N$transition","node","clickEvents","_N$normalColor","_N$target","_N$pressedColor","_N$disabledColor","_N$normalSprite","_N$pressedSprite","_N$hoverSprite","_N$disabledSprite"],1,1,9,5,1,5,5,6,6,6,6],"cc.SpriteFrame",["cc.PrefabInfo",["fileId","root","asset"],2,1,1],["cc.Prefab",["_name"],2],["1fc8f0JnJpIN66aSzA5zpI6",["node","lblTitle","lblCard","timeView","laiziView","xialaView","PS_1","PS_2","renshuOptions"],3,1,1,1,1,1,1,1,1,1],["cc.ToggleContainer",["node"],3,1],["cc.BlockInputEvents",["node"],3,1],["37edfBrhLFLFpRJI0u3jiwd",["node"],3,1],["cc.ScrollView",["horizontal","brake","bounceDuration","_N$horizontalScrollBar","_N$verticalScrollBar","node","_N$content"],-2,1,1],["cc.Mask",["_N$alphaThreshold","node","_materials"],2,1,3]],[[11,0,1,2,2],[0,0,6,3,4,5,7,2],[2,3,4,5,1],[0,0,6,8,3,4,5,7,2],[6,0,1,3,2,7,8,5],[7,1,0,2,4,4],[0,0,6,3,4,10,5,9,7,2],[9,2,3,4,5,1],[6,0,1,2,7,8,4],[2,0,3,4,5,2],[0,0,6,3,4,10,5,2],[2,0,1,3,3],[1,1,0,4,6,9,5],[0,0,6,8,3,4,5,9,7,2],[5,0,1,2,3,4,5,6,3],[3,0,1,2,3,4,5,6,3],[0,0,6,3,4,10,5,7,2],[2,0,1,3,4,3],[3,0,2,3,4,5,6,2],[1,1,0,3,9,4],[1,0,2,9,3],[2,2,0,3,4,5,3],[14,0,1],[0,0,8,3,4,5,9,7,2],[1,1,0,6,9,4],[16,0,1],[1,0,9,2],[4,1,0,4,7,8,4],[5,0,2,3,4,5,2],[7,1,0,4,3],[7,3,0,2,4,4],[0,0,1,6,3,4,5,7,3],[1,0,3,9,3],[5,0,2,3,4,5,6,2],[0,0,8,3,4,5,2],[0,0,6,8,3,4,10,5,9,7,2],[0,0,6,3,4,5,2],[1,1,0,9,3],[15,0,1],[0,0,6,8,3,4,5,2],[0,0,1,6,8,3,4,5,7,3],[2,0,1,3,5,3],[9,2,3,6,7,5,8,9,10,11,1],[0,0,8,3,4,5,7,2],[0,0,1,6,8,3,4,5,3],[3,0,1,2,3,4,5,3],[1,1,0,2,9,4],[1,0,2,4,9,4],[1,1,0,6,5,9,5],[1,0,7,9,3],[7,3,0,4,3],[0,0,1,6,8,3,4,5,9,7,3],[1,1,0,2,6,9,5],[1,1,0,3,7,2,4,6,5,9,9],[2,3,1],[5,1,2,3,4,5,6,2],[0,0,8,3,4,10,5,9,7,2],[3,0,1,2,7,3,4,5,6,3],[3,0,2,3,4,5,2],[1,0,2,4,5,9,5],[1,1,0,4,9,4],[2,2,3,4,5,2],[2,0,1,3,4,5,3],[2,3,5,1],[4,1,0,7,8,3],[5,2,3,4,5,6,1],[5,1,2,3,4,5,2],[12,0,2],[0,0,8,3,4,10,5,7,2],[0,0,1,8,3,4,5,9,7,3],[0,0,6,8,3,4,5,9,2],[0,0,2,6,3,4,10,5,3],[0,0,6,3,4,5,9,7,2],[3,0,2,7,3,4,5,6,2],[3,0,2,3,4,8,5,6,2],[8,0,2,3,4,7,5,6,2],[8,0,2,3,4,5,6,2],[8,0,1,2,3,4,5,6,3],[1,1,0,3,2,5,9,6],[1,1,0,3,5,9,5],[1,1,0,7,2,8,9,6],[1,1,0,3,7,9,5],[1,0,4,9,3],[13,0,1,2,3,4,5,6,7,8,1],[2,2,0,3,4,3],[2,3,4,1],[11,1,2,1],[4,1,0,3,2,7,8,5],[4,1,5,3,4,2,7,8,9,6],[4,0,4,2,7,8,4],[4,0,7,8,2],[4,1,0,3,6,2,7,8,6],[5,0,1,2,3,4,5,3],[9,0,1,2,3,4,3],[17,0,1,2,3,4,5,6,6],[18,0,1,2,2],[6,0,1,4,2,5,7,8,6],[6,0,1,4,6,3,2,7,8,7],[6,0,1,4,3,2,7,8,6],[6,0,1,3,2,7,5]],[[[{"name":"bt_cjfj_tbms_1","rect":[2,134,146,40],"offset":[-1,11.5],"originalSize":[196,95],"capInsets":[0,0,0,0]}],[10],0,[0],[9],[15]],[[{"name":"bt_cjfj_tbms","rect":[2,222,146,40],"offset":[-1,11.5],"originalSize":[196,95],"capInsets":[0,0,0,0]}],[10],0,[0],[9],[15]],[[[67,"CreatRoomNN9_"],[43,"CreatRoomNN9",[-13,-14,-15,-16,-17,-18,-19,-20,-21],[[37,2,18,-2],[83,-11,-10,-9,-8,-7,-6,-5,-4,-3],[21,1,0,-12,[379],380]],[86,-1,0],[5,664,1270],[360,640,0,0,0,0,1,1,1,1]],[56,"content",[-26,-27,-28,-29,-30,-31,-32,-33,-34,-35,-36,-37,-38,-39,-40,-41,-42,-43,-44,-45,-46],[[64,1,2,-22,[5,90,945]],[21,1,0,-23,[359],360],[22,-24],[38,-25]],[0,"06GR5OHvhGkKlnwLWwhCGl",1,0],[4,4293848814],[5,90,945],[0,0.5,1],[150,7,0,0,0,0,1,1,1,1]],[23,"content",[-49,-50,-51,-52,-53,-54,-55,-56,-57,-58,-59,-60,-61,-62],[[87,1,2,15,10,-47,[5,584,945]],[46,0,1,25,-48]],[0,"8fN/058pRFaYeuFyB5lgn+",1,0],[5,584,945],[0,0.5,1],[0,498.75,0,0,0,0,1,1,1,1]],[34,"chooseView",[-66,-67,-68,-69,-70,-71,-72,-73,-74,-75,-76,-77],[[21,1,0,-63,[267],268],[88,2,50,60,60,40,-64,[5,600,540],[5,220,46]],[38,-65]],[0,"daqC8QpQxFmquKfK4L7yrK",1,0],[5,600,540]],[23,"options",[-81,-82,-83,-84,-85,-86,-87,-88,-89,-90],[[89,3,7,16,-78,[5,484.7,44]],[22,-79],[19,0,8,110,-80]],[0,"55BZr0WgxGiJjIFNQqMU8D",1,0],[5,484.7,44],[0,0,0.5],[-182,26,0,0,0,0,1,1,1,1]],[56,"content",[-95,-96,-97,-98,-99,-100,-101],[[64,1,2,-91,[5,90,315]],[21,1,0,-92,[290],291],[22,-93],[38,-94]],[0,"65vhhU+pxJXrCQiEFGB6pk",1,0],[4,4293848814],[5,90,315],[0,0.5,1],[150,7,0,0,0,0,1,1,1,1]],[23,"options",[-105,-106,-107,-108,-109],[[90,3,-102,[5,484.7,55]],[22,-103],[78,0,13,110,5,44,-104]],[0,"e7jIUU+T5HLasonMxZ1pog",1,0],[5,484.7,55],[0,0,0.5],[-182,-2.5,0,0,0,0,1,1,1,1]],[23,"options",[-112,-113,-114,-115,-116],[[22,-110],[79,0,13,120,40,-111]],[0,"4blO8aSbxGmbVg84ONqou6",1,0],[5,566,160],[0,0,0.5],[-172,0,0,0,0,0,1,1,1,1]],[23,"xialaView",[-121,-122],[[91,1,2,10,10,10,-117,[5,480,130]],[21,1,0,-118,[377],378],[22,-119],[38,-120]],[0,"11RcIZYeJH9a+b9YYz0VeH",1,0],[5,480,130],[0,0.5,1],[28,-45,0,0,0,0,1,1,1,1]],[3,"time",3,[-124,-125,-126,-127,-128],[[52,0,41,255,500,-123]],[0,"51wpDwWq1APLOdyL4bbZLe",1,0],[5,584,130],[0,-320,0,0,0,0,1,1,1,1]],[23,"options",[-132,-133,-134],[[27,1,1,48,-129,[5,110,40]],[22,-130],[19,0,8,119,-131]],[0,"1feeEq7WBGZ514AltyzJDr",1,0],[5,110,40],[0,0,0.5],[-173,0,0,0,0,0,1,1,1,1]],[23,"options",[-138,-139,-140],[[27,1,1,27,-135,[5,474,40]],[22,-136],[19,0,8,110,-137]],[0,"43T9ECII5FnZAmC7zyN7zq",1,0],[5,474,40],[0,0,0.5],[-182,0,0,0,0,0,1,1,1,1]],[68,"menu",[-144,-145,-146],[[27,1,1,30,-141,[5,540,60]],[22,-142],[46,0,1,45,-143]],[0,"55hvYGnsFHxIIpMavvMgOY",1,0],[4,4289177511],[5,540,60],[0,-75,0,0,0,0,1,1,1,1]],[3,"New Toggle",4,[-152,-153,-154],[[28,3,-149,[4,4292269782],-148,-147],[25,-150],[20,1,80,-151]],[0,"f0chKL3fBCGJ9P8hBxuyQ1",1,0],[5,220,46],[-140,167,0,0,0,0,1,1,1,1]],[3,"New Toggle",4,[-160,-161,-162],[[28,3,-157,[4,4292269782],-156,-155],[25,-158],[20,1,80,-159]],[0,"77EvqgEe5OM6YUofEuSH3+",1,0],[5,220,46],[140,167,0,0,0,0,1,1,1,1]],[3,"New Toggle",4,[-168,-169,-170],[[28,3,-165,[4,4292269782],-164,-163],[25,-166],[20,1,150,-167]],[0,"72ywSVO+JFWK4dHZJ93qSe",1,0],[5,220,46],[-140,97,0,0,0,0,1,1,1,1]],[3,"New Toggle",4,[-176,-177,-178],[[28,3,-173,[4,4292269782],-172,-171],[25,-174],[20,1,150,-175]],[0,"1dn1MztNNIL4Yh9apJcDMV",1,0],[5,220,46],[140,97,0,0,0,0,1,1,1,1]],[3,"New Toggle",4,[-184,-185,-186],[[28,3,-181,[4,4292269782],-180,-179],[25,-182],[47,1,220,272,-183]],[0,"b1iyQpEk1BLKODeMiFvAWb",1,0],[5,220,46],[-140,27,0,0,0,0,1,1,1,1]],[3,"New Toggle",4,[-192,-193,-194],[[28,3,-189,[4,4292269782],-188,-187],[25,-190],[59,1,220,272,46,-191]],[0,"b5eJdSEW5Og6N++S2rQr6z",1,0],[5,220,46],[140,27,0,0,0,0,1,1,1,1]],[3,"New Toggle",4,[-200,-201,-202],[[28,3,-197,[4,4292269782],-196,-195],[25,-198],[47,1,290,186,-199]],[0,"f1JSN5Mo9PH62uhnv+H0GY",1,0],[5,220,46],[-140,-43,0,0,0,0,1,1,1,1]],[3,"New Toggle",4,[-208,-209,-210],[[28,3,-205,[4,4292269782],-204,-203],[25,-206],[47,1,290,186,-207]],[0,"12jeXhoK5MoYbWAjsxB38s",1,0],[5,220,46],[140,-43,0,0,0,0,1,1,1,1]],[3,"New Toggle",4,[-216,-217,-218],[[28,3,-213,[4,4292269782],-212,-211],[25,-214],[59,1,360,100,46,-215]],[0,"8anbVoHZxNiLL07SkX1qfK",1,0],[5,220,46],[-140,-113,0,0,0,0,1,1,1,1]],[3,"New Toggle",4,[-224,-225,-226],[[28,3,-221,[4,4292269782],-220,-219],[25,-222],[47,1,360,100,-223]],[0,"b27yiags1FkZcNZ1UlMYH9",1,0],[5,220,46],[140,-113,0,0,0,0,1,1,1,1]],[3,"New Toggle",9,[-231,-232,-233,-234],[[65,-229,[4,4292269782],-228,-227,[[5,"1fc8f0JnJpIN66aSzA5zpI6","onOptionsViewItemClicked","1",1]]],[26,8,-230]],[0,"9bBjs7ms5L3r5ZycKuXpmT",1,0],[5,480,50],[0,-35,0,0,0,0,1,1,1,1]],[3,"New Toggle",9,[-239,-240,-241,-242],[[55,false,-237,[4,4292269782],-236,-235,[[5,"1fc8f0JnJpIN66aSzA5zpI6","onOptionsViewItemClicked","2",1]]],[26,8,-238]],[0,"3bu4Y2m6FMPL32vMZIyNgU",1,0],[5,480,50],[0,-95,0,0,0,0,1,1,1,1]],[35,"New Node",1,[-244,-245,13,-246],[[53,2,45,20,20,80,-86,39,39,-243]],[0,"0fO5O6twZOyqzWwsxxy8z1",1,0],[4,4293317581],[5,624,1276],[0,0.5,1],[0,555,0,0,0,0,1,1,1,1]],[13,"DF_1",7,[-251,-252,-253],[[33,3,-249,[4,4292269782],-248,-247,[[5,"1fc8f0JnJpIN66aSzA5zpI6","onMenuDiFenClicked","1",1]]],[26,1,-250]],[0,"9exlfnctRENaTPk1CqYgmk",1,0],[5,90,44],[0,0,0.5],[0,5.5,0,0,0,0,1,1,1,1]],[13,"BN_1",8,[-258,-259,-260],[[33,3,-256,[4,4292269782],-255,-254,[[5,"1fc8f0JnJpIN66aSzA5zpI6","onMenuBetNumClicked","1",1]]],[26,1,-257]],[0,"47F9Z3DIVHY4xLRh3i33B5",1,0],[5,180,40],[0,0,0.5],[0,60,0,0,0,0,1,1,1,1]],[35,"BN_2",8,[-265,-266,-267],[[14,3,false,-263,[4,4292269782],-262,-261,[[5,"1fc8f0JnJpIN66aSzA5zpI6","onMenuBetNumClicked","2",1]]],[26,1,-264]],[0,"c1NGOSc7dCkaJgbWz4VFAO",1,0],[4,4285551696],[5,180,40],[0,0,0.5],[228,60,0,0,0,0,1,1,1,1]],[35,"BN_3",8,[-272,-273,-274],[[14,3,false,-270,[4,4292269782],-269,-268,[[5,"1fc8f0JnJpIN66aSzA5zpI6","onMenuBetNumClicked","3",1]]],[20,1,50,-271]],[0,"7dXFdYXy1G3b6cJpgzrwZV",1,0],[4,4285551696],[5,180,40],[0,0,0.5],[0,10,0,0,0,0,1,1,1,1]],[35,"BN_4",8,[-279,-280,-281],[[14,3,false,-277,[4,4292269782],-276,-275,[[5,"1fc8f0JnJpIN66aSzA5zpI6","onMenuBetNumClicked","4",1]]],[20,1,50,-278]],[0,"d51B7lDQJH5pN/TvatPzLM",1,0],[4,4285551696],[5,180,40],[0,0,0.5],[228,10,0,0,0,0,1,1,1,1]],[35,"BN_5",8,[-286,-287,-288],[[14,3,false,-284,[4,4292269782],-283,-282,[[5,"1fc8f0JnJpIN66aSzA5zpI6","onMenuBetNumClicked","5",1]]],[20,1,100,-285]],[0,"b60DByOLNJQZ1XC8zlTAc7",1,0],[4,4285551696],[5,180,40],[0,0,0.5],[0,-40,0,0,0,0,1,1,1,1]],[23,"options",[-291,-292,-293],[[22,-289],[19,0,8,120,-290]],[0,"d9HC367mhL2JOBLiyEvaYJ",1,0],[5,566,40],[0,0,0.5],[-172,30,0,0,0,0,1,1,1,1]],[23,"options",[-297,-298],[[27,1,1,48,-294,[5,348,40]],[22,-295],[19,0,8,121,-296]],[0,"a4A2hywApLNqO+UQUWqxmW",1,0],[5,348,40],[0,0,0.5],[-171,0,0,0,0,0,1,1,1,1]],[43,"Background",[-301,-302],[[21,1,0,-299,[146],147],[26,8,-300]],[0,"02mdc+joxAmLkdtQMemZ9O",1,0],[5,470,39],[-15,0,0,0,0,0,1,1,1,1]],[34,"Background",[-305,-306],[[21,1,0,-303,[164],165],[26,8,-304]],[0,"46ggnlKHhJu6ethzU29dpl",1,0],[5,100,39]],[23,"options",[-310,-311],[[27,1,1,50,-307,[5,290,80]],[22,-308],[19,0,8,110,-309]],[0,"959uzIxJ5AJb6Q1210hg4q",1,0],[5,290,80],[0,0,0.5],[-182,0,0,0,0,0,1,1,1,1]],[13,"PS_1",37,[-315,-316,-317],[[33,3,-314,[4,4292269782],-313,-312,[[5,"1fc8f0JnJpIN66aSzA5zpI6","onMenuTicketTypeClicked","1",1]]]],[0,"35+gRChC1MhqIB08vSJ9ry",1,0],[5,120,44],[0,0,0.5],[0,-1.1368683772161603e-13,0,0,0,0,1,1,1,1]],[13,"PS_2",37,[-321,-322,-323],[[14,3,false,-320,[4,4292269782],-319,-318,[[5,"1fc8f0JnJpIN66aSzA5zpI6","onMenuTicketTypeClicked","2",1]]]],[0,"f3JCK/lkRMSqeRfSjW+hqy",1,0],[5,120,44],[0,0,0.5],[170,-1.1368683772161603e-13,0,0,0,0,1,1,1,1]],[69,"friend",false,[-328,-329,-330],[[92,3,false,-326,[4,4292269782],-325,-324],[25,-327]],[0,"22wHOZ+YpJ1bvay0V47DhU",1,0],[5,252,80],[0,0.06,0.5],[-270,0,0,0,0,0,1,1,1,1]],[1,"bt_exit_0",1,[[2,-331,[4],5],[80,2,33,12,4,398,-332],[7,-334,[[29,"1fc8f0JnJpIN66aSzA5zpI6","close",1]],[4,4292269782],-333]],[0,"2cBrtsQshKv5ISz2j+bwuP",1,0],[5,70,70],[285,596,0,0,0,0,1,1,1,1]],[3,"New ScrollView",26,[-338],[[84,1,0,-335,[194]],[94,false,0.75,0.23,null,null,-336,3],[53,0,45,20,20,100,128.5,240,250,-337]],[0,"fa7m1X8Y1Bhq7OXixqPMbQ",1,0],[5,584,1047.5],[0,-623.75,0,0,0,0,1,1,1,1]],[13,"DF_2",7,[-342,-343,-344],[[14,3,false,-341,[4,4292269782],-340,-339,[[5,"1fc8f0JnJpIN66aSzA5zpI6","onMenuDiFenClicked","1",1]]]],[0,"a4If5gA11BhK08Ke2imQkk",1,0],[5,90,44],[0,0,0.5],[90,5.5,0,0,0,0,1,1,1,1]],[13,"DF_3",7,[-348,-349,-350],[[14,3,false,-347,[4,4292269782],-346,-345,[[30,"NNCreatView_9","onMenuDiFenClicked","1",1]]]],[0,"4e1nKsxUJE+bDjqK+78X96",1,0],[5,90,44],[0,0,0.5],[180,5.5,0,0,0,0,1,1,1,1]],[13,"DF_4",7,[-354,-355,-356],[[14,3,false,-353,[4,4292269782],-352,-351,[[30,"NNCreatView_9","onMenuDiFenClicked","1",1]]]],[0,"1f0w+TcVpLMq9xCoCGYiY1",1,0],[5,90,44],[0,0,0.5],[270,5.5,0,0,0,0,1,1,1,1]],[13,"DF_5",7,[-360,-361,-362],[[14,3,false,-359,[4,4292269782],-358,-357,[[5,"1fc8f0JnJpIN66aSzA5zpI6","onMenuDiFenClicked","1",1]]]],[0,"b9LktB88dMp54+DgLsyB+1",1,0],[5,90,44],[0,0,0.5],[360,5.5,0,0,0,0,1,1,1,1]],[3,"zb",10,[-365,-366],[[27,1,1,10,-363,[5,162,40]],[20,1,20,-364]],[0,"4cKbT3he1MUoFdImlXYxzP",1,0],[5,162,40],[-100,25,0,0,0,0,1,1,1,1]],[34,"Background",[-368,-369],[[21,1,0,-367,[47],48]],[0,"a66pU9em5Dh42yE/R1mxia",1,0],[5,100,39]],[3,"show",10,[-372,-373],[[27,1,1,10,-370,[5,162,40]],[20,1,20,-371]],[0,"21/HFDKLpNabCt6WWG8+0K",1,0],[5,162,40],[122,25,0,0,0,0,1,1,1,1]],[34,"Background",[-375,-376],[[21,1,0,-374,[54],55]],[0,"eelvdfYiBAkbpUJXgBN3cG",1,0],[5,100,39]],[3,"banker",10,[-379,-380],[[27,1,1,10,-377,[5,162,40]],[20,1,80,-378]],[0,"ad5mmFA79GPKH9w9z6hZ7A",1,0],[5,162,40],[-100,-35,0,0,0,0,1,1,1,1]],[34,"Background",[-382,-383],[[21,1,0,-381,[61],62]],[0,"0axBtRO6BIi7kmnfHOEm1f",1,0],[5,100,39]],[3,"bet",10,[-386,-387],[[27,1,1,10,-384,[5,162,40]],[20,1,80,-385]],[0,"c5K5p68hZMPrScjTfRBhNS",1,0],[5,162,40],[122,-35,0,0,0,0,1,1,1,1]],[34,"Background",[-389,-390],[[21,1,0,-388,[68],69]],[0,"f8cSKWCqJGpZ61BSbrOQtt",1,0],[5,100,39]],[70,"renshu_6",5,[-394,-395,-396],[[14,3,false,-393,[4,4292269782],-392,-391,[[5,"1fc8f0JnJpIN66aSzA5zpI6","onMenuPnumClicked","6",1]]]],[0,"73uqtTTcFKwbXWM5ujPCZR",1,0],[5,90,44],[0,0,0.5]],[13,"renshu_9",5,[-400,-401,-402],[[33,3,-399,[4,4292269782],-398,-397,[[5,"1fc8f0JnJpIN66aSzA5zpI6","onMenuPnumClicked","9",1]]]],[0,"efDY2k4dhAcbwcWvgm8tC9",1,0],[5,90,44],[0,0,0.5],[97,0,0,0,0,0,1,1,1,1]],[13,"renshu_10",5,[-406,-407,-408],[[14,3,false,-405,[4,4292269782],-404,-403,[[5,"1fc8f0JnJpIN66aSzA5zpI6","onMenuPnumClicked","10",1]]]],[0,"5cZ6KSvRZF3KtgqPH0ykYM",1,0],[5,90,44],[0,0,0.5],[194,0,0,0,0,0,1,1,1,1]],[13,"renshu_12",5,[-412,-413,-414],[[14,3,false,-411,[4,4292269782],-410,-409,[[5,"1fc8f0JnJpIN66aSzA5zpI6","onMenuPnumClicked","12",1]]]],[0,"307dMaQIhCTJ4Yt/Or4AYp",1,0],[5,90,44],[0,0,0.5],[291,0,0,0,0,0,1,1,1,1]],[13,"renshu_13",5,[-418,-419,-420],[[14,3,false,-417,[4,4292269782],-416,-415,[[5,"1fc8f0JnJpIN66aSzA5zpI6","onMenuPnumClicked","13",1]]]],[0,"5dSVFlZlZEY4vayatCSFgM",1,0],[5,90,44],[0,0,0.5],[388,0,0,0,0,0,1,1,1,1]],[13,"renshu_15",5,[-424,-425,-426],[[14,3,false,-423,[4,4292269782],-422,-421,[[5,"1fc8f0JnJpIN66aSzA5zpI6","onMenuPnumClicked","15",1]]]],[0,"2fLlvX08lEnK7qlHNmKU1S",1,0],[5,90,44],[0,0,0.5],[0,-60,0,0,0,0,1,1,1,1]],[13,"renshu_17",5,[-430,-431,-432],[[14,3,false,-429,[4,4292269782],-428,-427,[[5,"1fc8f0JnJpIN66aSzA5zpI6","onMenuPnumClicked","17",1]]]],[0,"b031KIfpVObaZxLf/4mwsQ",1,0],[5,90,44],[0,0,0.5],[97,-60,0,0,0,0,1,1,1,1]],[13,"renshu_19",5,[-436,-437,-438],[[14,3,false,-435,[4,4292269782],-434,-433,[[5,"1fc8f0JnJpIN66aSzA5zpI6","onMenuPnumClicked","19",1]]]],[0,"92+Ea9gnJEiruq5PTpaUlt",1,0],[5,90,44],[0,0,0.5],[194,-60,0,0,0,0,1,1,1,1]],[13,"renshu_21",5,[-442,-443,-444],[[14,3,false,-441,[4,4292269782],-440,-439,[[5,"1fc8f0JnJpIN66aSzA5zpI6","onMenuPnumClicked","21",1]]]],[0,"e70yepejVFsJArl1JWT/0x",1,0],[5,90,44],[0,0,0.5],[291,-60,0,0,0,0,1,1,1,1]],[13,"renshu_23",5,[-448,-449,-450],[[14,3,false,-447,[4,4292269782],-446,-445,[[5,"1fc8f0JnJpIN66aSzA5zpI6","onMenuPnumClicked","23",1]]]],[0,"cfcY0dHT1D1aBfm8Bs5WE6",1,0],[5,90,44],[0,0,0.5],[388,-60,0,0,0,0,1,1,1,1]],[13,"ZJ_2",11,[-454,-455,-456],[[33,3,-453,[4,4292269782],-452,-451,[[30,"NNCreatView_9","onMenuZhuangClicked","2",1]]]],[0,"dbjethWbFHaqSVbKd6HPe/",1,0],[5,110,40],[0,0.14,0.5],[15.400000000000006,-1.1368683772161603e-13,0,0,0,0,1,1,1,1]],[51,"ZJ_3",false,11,[-460,-461,-462],[[14,3,false,-459,[4,4292269782],-458,-457,[[5,"1fc8f0JnJpIN66aSzA5zpI6","onMenuZhuangClicked","3",1]]]],[0,"06scJC/C5Is6XcumyBI8RJ",1,0],[5,110,40],[0,0.14,0.5],[173.4,-1.1368683772161603e-13,0,0,0,0,1,1,1,1]],[51,"ZJ_4",false,11,[-466,-467,-468],[[14,3,false,-465,[4,4292269782],-464,-463,[[5,"1fc8f0JnJpIN66aSzA5zpI6","onMenuZhuangClicked","4",1]]]],[0,"dblq0edphPM7L4Vr5DumMc",1,0],[5,110,40],[0,0.14,0.5],[173.4,-1.1368683772161603e-13,0,0,0,0,1,1,1,1]],[34,"Background",[-470,-471],[[21,1,0,-469,[119],120]],[0,"52BiBqwPFJirEUrYgzlI0Y",1,0],[5,420,39]],[13,"QZ_1",33,[-475,-476,-477],[[33,3,-474,[4,4292269782],-473,-472,[[5,"1fc8f0JnJpIN66aSzA5zpI6","onMenuZhuangNumClicked","1",1]]]],[0,"b0sVzk8ylGpq9NRBibP0sE",1,0],[5,180,40],[0,0,0.5],[0,-1.1368683772161603e-13,0,0,0,0,1,1,1,1]],[35,"QZ_2",33,[-481,-482,-483],[[14,3,false,-480,[4,4292269782],-479,-478,[[30,"NNCreatView_9","onMenuZhuangNumClicked","2",1]]]],[0,"096aVS+dlENqfotiHzzDvt",1,0],[4,4285551696],[5,180,40],[0,0,0.5],[228,-1.1368683772161603e-13,0,0,0,0,1,1,1,1]],[35,"QZ_3",33,[-487,-488,-489],[[14,3,false,-486,[4,4292269782],-485,-484,[[30,"NNCreatView_9","onMenuZhuangNumClicked","3",1]]]],[0,"34k5PmAvhDGrDyBxc7Cf5T",1,0],[4,4285551696],[5,180,40],[0,0,0.5],[0,-60.000000000000114,0,0,0,0,1,1,1,1]],[13,"ZJ_5",34,[-493,-494,-495],[[33,3,-492,[4,4292269782],-491,-490,[[30,"NNCreatView_9","onMenuBiPaiClicked","5",1]]]],[0,"10icM69slB4pphPnbezaBV",1,0],[5,150,40],[0,0.09,0.5],[13.5,-1.1368683772161603e-13,0,0,0,0,1,1,1,1]],[13,"ZJ_6",34,[-499,-500,-501],[[14,3,false,-498,[4,4292269782],-497,-496,[[30,"NNCreatView_9","onMenuBiPaiClicked","6",1]]]],[0,"f8tBwCHstO35kkoXRLExW+",1,0],[5,150,40],[0,0.09,0.5],[211.5,-1.1368683772161603e-13,0,0,0,0,1,1,1,1]],[43,"New Toggle",[35,-504],[[7,-502,[[29,"1fc8f0JnJpIN66aSzA5zpI6","onBeiShuClicked",1]],[4,4292269782],35],[32,8,100,-503]],[0,"07uz1838dOZJ/buOvsqSZD",1,0],[5,500,39],[58,0,0,0,0,0,1,1,1,1]],[3,"gaoji",3,[-506,-507,-508],[[24,0,40,500,-505]],[0,"dbweLD41pPeLAOD9sEkCPF",1,0],[5,584,140],[0,-665,0,0,0,0,1,1,1,1]],[43,"New Toggle",[36,-511],[[7,-509,[[29,"1fc8f0JnJpIN66aSzA5zpI6","onLaiziClicked",1]],[4,4292269782],36],[32,8,110,-510]],[0,"42Y2lVuOtDbIaypiexbxUd",1,0],[5,100,39],[-132,0,0,0,0,0,1,1,1,1]],[23,"options",[-514,-515],[[27,1,1,48,-512,[5,150,40]],[19,0,8,120,-513]],[0,"aeFOTmmq5I5LqL8jbk1Hnx",1,0],[5,150,40],[0,0,0.5],[-172,0,0,0,0,0,1,1,1,1]],[13,"cuopai",77,[-519,-520,-521],[[66,false,-518,[4,4292269782],-517,-516]],[0,"8fMCsqP+lP46llutHVGT2e",1,0],[5,150,40],[0,0,0.5],[0,-1.1368683772161603e-13,0,0,0,0,1,1,1,1]],[51,"tongsha",false,77,[-525,-526,-527],[[66,false,-524,[4,4292269782],-523,-522]],[0,"26pMFNWeZM0KfE8diFt9QR",1,0],[5,150,40],[0,0,0.5],[198,-1.1368683772161603e-13,0,0,0,0,1,1,1,1]],[13,"MP_1",12,[-531,-532,-533],[[33,3,-530,[4,4292269782],-529,-528,[[30,"NNCreatView_9","onMenuMenPiaoClicked","1",1]]]],[0,"60doIplDZJ9oxjL9k5uo5R",1,0],[5,140,44],[0,0,0.5],[0,-1.1368683772161603e-13,0,0,0,0,1,1,1,1]],[13,"MP_2",12,[-537,-538,-539],[[14,3,false,-536,[4,4292269782],-535,-534,[[30,"NNCreatView_9","onMenuMenPiaoClicked","2",1]]]],[0,"b72oup9KxOLrCHf8ZZh9Cu",1,0],[5,140,44],[0,0,0.5],[167,-1.1368683772161603e-13,0,0,0,0,1,1,1,1]],[13,"MP_3",12,[-543,-544,-545],[[14,3,false,-542,[4,4292269782],-541,-540,[[30,"NNCreatView_9","onMenuMenPiaoClicked","3",1]]]],[0,"b5Hx2TO+5GvocAm3B/6dJq",1,0],[5,140,44],[0,0,0.5],[334,-1.1368683772161603e-13,0,0,0,0,1,1,1,1]],[3,"bottom",1,[-547,-548,40],[[81,2,44,20,20,-546]],[0,"49VtfeFphIbJX94jpfZvZU",1,0],[5,624,130],[0,-570,0,0,0,0,1,1,1,1]],[3,"bt_cjfj_ljks",83,[-552],[[2,-549,[214],215],[7,-551,[[29,"1fc8f0JnJpIN66aSzA5zpI6","onConfirmClicked",1]],[4,4292269782],-550]],[0,"50W8ab1ztKdqiYmaBpoLyn",1,0],[5,326,102],[143,0,0,0,0,0,1,1,1,1]],[44,"chooseView",false,1,[-555,4],[[37,0,45,-553],[38,-554]],[0,"8apraXtAVGHKOWNFcdQsbM",1,0],[5,664,1270]],[1,"New Button",4,[[61,1,-556,[261],262],[42,-558,[[29,"1fc8f0JnJpIN66aSzA5zpI6","onMenuGaoJiClicked",1]],[4,4294967295],[4,4294967295],-557,263,264,265,266],[82,4,10,-559]],[0,"96A5pj+OtNIYYGyWdEGPYi",1,0],[5,174,93],[0,-213.5,0,0,0,0,1,1,1,1]],[3,"5",6,[-562,-563],[[7,-561,[[5,"1fc8f0JnJpIN66aSzA5zpI6","onTimeItemClicked","5",1]],[4,4292269782],-560]],[0,"8fa3QW6/9Ds62zrsPGLQPH",1,0],[5,100,45],[0,-22.5,0,0,0,0,1,1,1,1]],[3,"5",6,[-566,-567],[[7,-565,[[5,"1fc8f0JnJpIN66aSzA5zpI6","onTimeItemClicked","6",1]],[4,4292269782],-564]],[0,"05FzZ5iXhIlay5JHHn6U9b",1,0],[5,100,45],[0,-67.5,0,0,0,0,1,1,1,1]],[3,"5",6,[-570,-571],[[7,-569,[[5,"1fc8f0JnJpIN66aSzA5zpI6","onTimeItemClicked","7",1]],[4,4292269782],-568]],[0,"7fpeEs4dRGZ4QxbQiXJwkO",1,0],[5,100,45],[0,-112.5,0,0,0,0,1,1,1,1]],[3,"5",6,[-574,-575],[[7,-573,[[5,"1fc8f0JnJpIN66aSzA5zpI6","onTimeItemClicked","8",1]],[4,4292269782],-572]],[0,"53JXAEGY9E4bVNdiO9Cg5V",1,0],[5,100,45],[0,-157.5,0,0,0,0,1,1,1,1]],[3,"5",6,[-578,-579],[[7,-577,[[5,"1fc8f0JnJpIN66aSzA5zpI6","onTimeItemClicked","9",1]],[4,4292269782],-576]],[0,"48paouBQtPlImvxpJwmv8X",1,0],[5,100,45],[0,-202.5,0,0,0,0,1,1,1,1]],[3,"5",2,[-582,-583],[[7,-581,[[5,"1fc8f0JnJpIN66aSzA5zpI6","onLaiziItemClicked","5",1]],[4,4292269782],-580]],[0,"eeqf876UBA+boMQ2HElWsB",1,0],[5,100,45],[0,-22.5,0,0,0,0,1,1,1,1]],[3,"5",2,[-586,-587],[[7,-585,[[5,"1fc8f0JnJpIN66aSzA5zpI6","onLaiziItemClicked","5",1]],[4,4292269782],-584]],[0,"6e22T+EFdCCLNjzc1drerO",1,0],[5,100,45],[0,-67.5,0,0,0,0,1,1,1,1]],[3,"5",2,[-590,-591],[[7,-589,[[5,"1fc8f0JnJpIN66aSzA5zpI6","onLaiziItemClicked","5",1]],[4,4292269782],-588]],[0,"6exDCThrxKebeNzESxocq5",1,0],[5,100,45],[0,-112.5,0,0,0,0,1,1,1,1]],[3,"5",2,[-594,-595],[[7,-593,[[5,"1fc8f0JnJpIN66aSzA5zpI6","onLaiziItemClicked","5",1]],[4,4292269782],-592]],[0,"ccteZgZKRFp5PSdwo8Tj90",1,0],[5,100,45],[0,-157.5,0,0,0,0,1,1,1,1]],[3,"5",2,[-598,-599],[[7,-597,[[5,"1fc8f0JnJpIN66aSzA5zpI6","onLaiziItemClicked","5",1]],[4,4292269782],-596]],[0,"1dzqn1Xw9DZKLFsRPwFplY",1,0],[5,100,45],[0,-202.5,0,0,0,0,1,1,1,1]],[3,"5",2,[-602,-603],[[7,-601,[[5,"1fc8f0JnJpIN66aSzA5zpI6","onLaiziItemClicked","5",1]],[4,4292269782],-600]],[0,"38pwGdUmZCsKQOzB8w9Rnx",1,0],[5,100,45],[0,-247.5,0,0,0,0,1,1,1,1]],[3,"5",2,[-606,-607],[[7,-605,[[5,"1fc8f0JnJpIN66aSzA5zpI6","onLaiziItemClicked","5",1]],[4,4292269782],-604]],[0,"78vArU5nxG9oyP/8XRsU1k",1,0],[5,100,45],[0,-292.5,0,0,0,0,1,1,1,1]],[3,"5",2,[-610,-611],[[7,-609,[[5,"1fc8f0JnJpIN66aSzA5zpI6","onLaiziItemClicked","5",1]],[4,4292269782],-608]],[0,"48YIgdYLNNB4B97PqkBTG7",1,0],[5,100,45],[0,-337.5,0,0,0,0,1,1,1,1]],[3,"5",2,[-614,-615],[[7,-613,[[5,"1fc8f0JnJpIN66aSzA5zpI6","onLaiziItemClicked","5",1]],[4,4292269782],-612]],[0,"80RWSgURFFdapA3An9f/55",1,0],[5,100,45],[0,-382.5,0,0,0,0,1,1,1,1]],[3,"5",2,[-618,-619],[[7,-617,[[5,"1fc8f0JnJpIN66aSzA5zpI6","onLaiziItemClicked","5",1]],[4,4292269782],-616]],[0,"f0br5hcAdOna6zxCyiNmEE",1,0],[5,100,45],[0,-427.5,0,0,0,0,1,1,1,1]],[3,"5",2,[-622,-623],[[7,-621,[[5,"1fc8f0JnJpIN66aSzA5zpI6","onLaiziItemClicked","5",1]],[4,4292269782],-620]],[0,"bbSzzm8mxAO5cV5HM37ZD5",1,0],[5,100,45],[0,-472.5,0,0,0,0,1,1,1,1]],[3,"5",2,[-626,-627],[[7,-625,[[5,"1fc8f0JnJpIN66aSzA5zpI6","onLaiziItemClicked","5",1]],[4,4292269782],-624]],[0,"c0RDWZCtZJi4cFUoLOZ896",1,0],[5,100,45],[0,-517.5,0,0,0,0,1,1,1,1]],[3,"5",2,[-630,-631],[[7,-629,[[5,"1fc8f0JnJpIN66aSzA5zpI6","onLaiziItemClicked","5",1]],[4,4292269782],-628]],[0,"e7OPMEQ1ZIUJikUO3uSvjC",1,0],[5,100,45],[0,-562.5,0,0,0,0,1,1,1,1]],[3,"5",2,[-634,-635],[[7,-633,[[5,"1fc8f0JnJpIN66aSzA5zpI6","onLaiziItemClicked","5",1]],[4,4292269782],-632]],[0,"b2FSk+GPNNwKT4OAsYd6Z0",1,0],[5,100,45],[0,-607.5,0,0,0,0,1,1,1,1]],[3,"5",2,[-638,-639],[[7,-637,[[5,"1fc8f0JnJpIN66aSzA5zpI6","onLaiziItemClicked","5",1]],[4,4292269782],-636]],[0,"64/EkWECFJ+7CJ+cmE8ycf",1,0],[5,100,45],[0,-652.5,0,0,0,0,1,1,1,1]],[3,"5",2,[-642,-643],[[7,-641,[[5,"1fc8f0JnJpIN66aSzA5zpI6","onLaiziItemClicked","5",1]],[4,4292269782],-640]],[0,"bequbV62xH5ZFom8PMUI/i",1,0],[5,100,45],[0,-697.5,0,0,0,0,1,1,1,1]],[3,"5",2,[-646,-647],[[7,-645,[[5,"1fc8f0JnJpIN66aSzA5zpI6","onLaiziItemClicked","5",1]],[4,4292269782],-644]],[0,"11SYf3EE5CE4CB2MkRenFL",1,0],[5,100,45],[0,-742.5,0,0,0,0,1,1,1,1]],[3,"5",2,[-650,-651],[[7,-649,[[5,"1fc8f0JnJpIN66aSzA5zpI6","onLaiziItemClicked","5",1]],[4,4292269782],-648]],[0,"7asT3K43BMO6cG6vXT11zl",1,0],[5,100,45],[0,-787.5,0,0,0,0,1,1,1,1]],[3,"5",2,[-654,-655],[[7,-653,[[5,"1fc8f0JnJpIN66aSzA5zpI6","onLaiziItemClicked","5",1]],[4,4292269782],-652]],[0,"784BIkmoNG5Inw1EjRrVKH",1,0],[5,100,45],[0,-832.5,0,0,0,0,1,1,1,1]],[3,"5",2,[-658,-659],[[7,-657,[[5,"1fc8f0JnJpIN66aSzA5zpI6","onLaiziItemClicked","5",1]],[4,4292269782],-656]],[0,"a4+v0RJSJJtL1rteIR40j5",1,0],[5,100,45],[0,-877.5,0,0,0,0,1,1,1,1]],[3,"5",2,[-662,-663],[[7,-661,[[5,"1fc8f0JnJpIN66aSzA5zpI6","onLaiziItemClicked","5",1]],[4,4292269782],-660]],[0,"46bITeKDtKAY64R5ajQDUz",1,0],[5,100,45],[0,-922.5,0,0,0,0,1,1,1,1]],[44,"xialaView",false,1,[-666,9],[[37,0,45,-664],[38,-665]],[0,"24vOd+/q5KiYH1+R4sPGzo",1,0],[5,664,1270]],[39,"view",42,[3],[[95,1,-667,[193]],[48,0,45,240,250,-668]],[0,"92wOd/pXBJ67Acl/nVGfee",1,0],[5,584,1047.5]],[3,"difen",3,[-670,7],[[52,0,40,15,500,-669]],[0,"49LDHp7zNAgbbnEqdKWVyA",1,0],[5,584,60],[0,-45,0,0,0,0,1,1,1,1]],[3,"xiazhu",3,[-672,8],[[52,0,41,85,500,-671]],[0,"66E+RqXy9N66CN2v0VAVVq",1,0],[5,584,160],[0,-165,0,0,0,0,1,1,1,1]],[3,"New Toggle",47,[48,-674],[[7,-673,[[29,"1fc8f0JnJpIN66aSzA5zpI6","onReadyTimeClicked",1]],[4,4292269782],48]],[0,"4ckd2xxylPJq/oRo3zIlff",1,0],[5,100,39],[31,0,0,0,0,0,1,1,1,1]],[3,"New Toggle",49,[50,-676],[[7,-675,[[50,"NNCreatView_9","onShowCardTimeClicked",1]],[4,4292269782],50]],[0,"67VNrjCQhBCoOCJh+Iophb",1,0],[5,100,39],[31,0,0,0,0,0,1,1,1,1]],[3,"New Toggle",51,[52,-678],[[7,-677,[[50,"NNCreatView_9","onBankerTimeClicked",1]],[4,4292269782],52]],[0,"daQBDD60tK050t3WgsGBUZ",1,0],[5,100,39],[31,0,0,0,0,0,1,1,1,1]],[3,"New Toggle",53,[54,-680],[[7,-679,[[50,"NNCreatView_9","onBetTimeClicked",1]],[4,4292269782],54]],[0,"80qjIxvjVDj4Ilu03gmzk4",1,0],[5,100,39],[31,0,0,0,0,0,1,1,1,1]],[3,"renshu",3,[-682,5],[[24,0,40,500,-681]],[0,"e0mqmAZ29CfrzKfoAeUBQI",1,0],[5,584,120],[0,-455,0,0,0,0,1,1,1,1]],[40,"zhuangjia",false,3,[-684,11],[[24,0,40,500,-683]],[0,"54GkPGNQxFgJj6Va5VMe3g",1,0],[5,584,70],[0,-560,0,0,0,0,1,1,1,1]],[40,"zhuangjia_",false,3,[-686,-687],[[24,0,40,500,-685]],[0,"1a/TrTiZ9BuKNGWwsBNzJd",1,0],[5,584,70],[0,-640,0,0,0,0,1,1,1,1]],[3,"New Toggle",123,[68,-689],[[7,-688,[[29,"1fc8f0JnJpIN66aSzA5zpI6","onZhuangCliked",1]],[4,4292269782],68]],[0,"96I2uQzqdKRKLhMqep9Pwy",1,0],[5,420,40],[29,0,0,0,0,0,1,1,1,1]],[40,"qiangzhuang",false,3,[-691,33],[[24,0,40,500,-690]],[0,"4ajFmnX8tESI4DSuqXivCi",1,0],[5,584,130],[0,-670,0,0,0,0,1,1,1,1]],[40,"bipai",false,3,[-693,34],[[24,0,40,500,-692]],[0,"019ebYs55C5budFGW5o9tQ",1,0],[5,584,70],[0,-560,0,0,0,0,1,1,1,1]],[3,"beishu",3,[-695,74],[[24,0,40,500,-694]],[0,"1bsKU37ntBhpaykYBlJxCw",1,0],[5,584,60],[0,-555,0,0,0,0,1,1,1,1]],[1,"New Button",75,[[61,1,-696,[153],154],[42,-698,[[5,"1fc8f0JnJpIN66aSzA5zpI6","onMenuGaoJiClicked","show",1]],[4,4294967295],[4,4294967295],-697,155,156,157,158]],[0,"b8P4JrVgJAqqr8M1w8sh8K",1,0],[5,63,54],[246,5,0,0,0,0,1,1,1,1]],[3,"laizi",3,[-700,76],[[24,0,40,500,-699]],[0,"31tjBHP0hOSI10xaTENXkq",1,0],[5,584,60],[0,-775,0,0,0,0,1,1,1,1]],[3,"panshu",3,[-702,37],[[24,0,40,500,-701]],[0,"85E0zeFFZNurGCyNEHVuay",1,0],[5,584,60],[0,-845,0,0,0,0,1,1,1,1]],[3,"teshu",3,[-704,77],[[24,0,40,500,-703]],[0,"a4ql1RhW5Gj5YSsa8t5xZb",1,0],[5,584,60],[0,-915,0,0,0,0,1,1,1,1]],[40,"menpiao",false,3,[-706,12],[[24,0,40,500,-705]],[0,"07BVf5SH9GLa9eKYfaw+UZ",1,0],[5,584,70],[0,-875,0,0,0,0,1,1,1,1]],[3,"MD_1",13,[-710,-711],[[65,-709,[4,4292269782],-708,-707,[[5,"1fc8f0JnJpIN66aSzA5zpI6","onTopMenuClicked","1",1]]]],[0,"0bcLKNNERM9qwyGgNrOmEi",1,0],[5,160,78],[-190,0,0,0,0,0,1,1,1,1]],[39,"Background",133,[-713],[[2,-712,[197],198]],[0,"3eqY3FnXNDDY6YLChIQRsX",1,0],[5,196,78]],[39,"MD_2",13,[-717,-718],[[55,false,-716,[4,4292269782],-715,-714,[[5,"1fc8f0JnJpIN66aSzA5zpI6","onTopMenuClicked","2",1]]]],[0,"73CvQlj21MBYiKD/Xhed6F",1,0],[5,160,78]],[39,"Background",135,[-720],[[2,-719,[204],205]],[0,"82Cr2h8p9LdqwP8PaWfTp3",1,0],[5,196,78]],[3,"MD_3",13,[-724,-725],[[55,false,-723,[4,4292269782],-722,-721,[[5,"1fc8f0JnJpIN66aSzA5zpI6","onTopMenuClicked","3",1]]]],[0,"c6aV10MPFPgJYkam64HCF2",1,0],[5,160,78],[190,0,0,0,0,0,1,1,1,1]],[39,"Background",137,[-727],[[2,-726,[209],210]],[0,"a3cne/iH9BnZt6mJ/TWQMz",1,0],[5,196,78]],[44,"xialaTimeView",false,1,[-729,6],[[37,2,45,-728]],[0,"24y+AU8k5CSJoFt3SeEPQ2",1,0],[5,664,1270]],[36,"New Button",139,[[42,-731,[[50,"NNCreatView_9","closeTimeView",1]],[4,4294967295],[4,4294967295],-730,269,270,271,272],[48,0,45,100,40,-732]],[0,"47bpdGrnJLC7BaaevjxH/6",1,0],[5,664,1270]],[3,"5",6,[-735],[[7,-734,[[5,"1fc8f0JnJpIN66aSzA5zpI6","onTimeItemClicked","10",1]],[4,4292269782],-733]],[0,"d1CZsxfEtJ15+LHpgOwZbD",1,0],[5,100,45],[0,-247.5,0,0,0,0,1,1,1,1]],[3,"5",6,[-738],[[7,-737,[[5,"1fc8f0JnJpIN66aSzA5zpI6","onTimeItemClicked","10",1]],[4,4292269782],-736]],[0,"bc6M0DHeFMp4ALt2kXp4BL",1,0],[5,100,45],[0,-292.5,0,0,0,0,1,1,1,1]],[44,"xialaLaiziView",false,1,[-740,2],[[37,2,45,-739]],[0,"08sV4xr/9A/bU/qO7nvTa6",1,0],[5,664,1270]],[36,"New Button",143,[[42,-742,[[29,"1fc8f0JnJpIN66aSzA5zpI6","closeLaiziView",1]],[4,4294967295],[4,4294967295],-741,292,293,294,295],[48,0,45,100,40,-743]],[0,"b4zPyC1tFFKbK9jFJzj+Nb",1,0],[5,664,1270]],[36,"New Button",113,[[42,-745,[[29,"1fc8f0JnJpIN66aSzA5zpI6","closeXialaView",1]],[4,4294967295],[4,4294967295],-744,361,362,363,364],[48,0,45,100,40,-746]],[0,"9fmjveLDhL7qjKMS6KP+7z",1,0],[5,664,1270]],[1,"Background",24,[[2,-747,[365],366],[32,8,10,-748]],[0,"b1hLudtpFKspW6uUWErbzi",1,0],[5,44,44],[-208,2,0,0,0,0,1,1,1,1]],[1,"Background",25,[[2,-749,[371],372],[32,8,10,-750]],[0,"7dtY5m6/VIrIfWBDIAvB2K",1,0],[5,44,44],[-208,2,0,0,0,0,1,1,1,1]],[1,"bg_cjfj",1,[[2,-751,[0],1],[46,2,1,4,-752]],[0,"cek6BR539KupYQPtAgowQh",1,0],[5,246,74],[0,594,0,0,0,0,1,1,1,1]],[1,"bg_wanfsz",1,[[2,-753,[2],3],[26,1,-754]],[0,"0eL9PvRMZPfoTq6Q3PmNol",1,0],[5,248,74],[0,598,0,0,0,0,1,1,1,1]],[1,"bg",26,[[21,1,0,-755,[6],7],[20,1,110,-756]],[0,"329VF5Q9NJZ7BOJOr7/T0/",1,0],[5,590,960],[0,-590,0,0,0,0,1,1,1,1]],[16,"New Label",115,[[4,"底分：",26,1,1,-757,[8]],[26,1,-758]],[0,"c0NkbJT31FeJDOG9UfxuoQ",1,0],[4,4279828994],[5,78,50.4],[-230,4.800000000000001,0,0,0,0,1,1,1,1]],[1,"Background",27,[[2,-759,[9],10]],[0,"8bxsMZQPFCja8SRz2IJDAS",1,0],[5,44,44],[22,0,0,0,0,0,1,1,1,0]],[1,"Background",43,[[2,-760,[13],14]],[0,"cb7PdXNWVL/aEmg16qICPQ",1,0],[5,44,44],[22,0,0,0,0,0,1,1,1,0]],[1,"Background",44,[[2,-761,[16],17]],[0,"6ecBHBu9FIgraGhDKw6/NJ",1,0],[5,44,44],[22,0,0,0,0,0,1,1,1,0]],[1,"Background",45,[[2,-762,[19],20]],[0,"a2hBAC5OZB1Jl9Nq/GykoN",1,0],[5,44,44],[22,0,0,0,0,0,1,1,1,0]],[1,"Background",46,[[2,-763,[22],23]],[0,"cdWJ8bVGxFT4pkhaQjf4g6",1,0],[5,44,44],[22,0,0,0,0,0,1,1,1,0]],[16,"New Label",116,[[4,"下注：",26,1,1,-764,[25]],[26,1,-765]],[0,"c86xEo0xtO36n+cDvpUE1n",1,0],[4,4279828994],[5,78,50.4],[-230,54.8,0,0,0,0,1,1,1,1]],[1,"Background",28,[[2,-766,[26],27]],[0,"d1WRS8UnhJfa/Rg+HgWUq9",1,0],[5,44,44],[14,0,0,0,0,0,1,1,1,0]],[1,"Background",29,[[2,-767,[30],31]],[0,"e6M0TKte5KS6svsMRAUcBZ",1,0],[5,44,44],[14,0,0,0,0,0,1,1,1,0]],[1,"Background",30,[[2,-768,[33],34]],[0,"9eNxSNjoNKT4rcfEgmYxW3",1,0],[5,44,44],[14,0,0,0,0,0,1,1,1,0]],[1,"Background",31,[[2,-769,[36],37]],[0,"2bssGqQcRKIa1bUE+eFEl6",1,0],[5,44,44],[14,0,0,0,0,0,1,1,1,0]],[1,"Background",32,[[2,-770,[39],40]],[0,"d6XtZUb5BDpL5fNNpM2yuW",1,0],[5,44,44],[14,0,0,0,0,0,1,1,1,0]],[16,"New Label",10,[[4,"时间：",26,1,1,-771,[42]],[20,1,10,-772]],[0,"78Tor63p9DHJu3pHm7WAfF",1,0],[4,4279828994],[5,78,50.4],[-230,29.8,0,0,0,0,1,1,1,1]],[16,"New Label",117,[[8,"5",24,1,-773,[49]],[19,0,8,27.825,-774]],[0,"adLf+SS8BCb5tA3nTzGPMd",1,0],[4,4279828994],[5,13.35,50.4],[-15.5,0,0,0,0,0,1,1,1,1]],[16,"New Label",118,[[8,"5",24,1,-775,[56]],[19,0,8,27.825,-776]],[0,"24JVpyyY1I56+DDUcGkdb0",1,0],[4,4279828994],[5,13.35,50.4],[-15.5,0,0,0,0,0,1,1,1,1]],[16,"New Label",119,[[8,"5",24,1,-777,[63]],[19,0,8,27.825,-778]],[0,"10gNH5vINHsYpW+0ffPuen",1,0],[4,4279828994],[5,13.35,50.4],[-15.5,0,0,0,0,0,1,1,1,1]],[16,"New Label",120,[[8,"5",24,1,-779,[70]],[19,0,8,27.825,-780]],[0,"68el9unBhB2Jrej5fEqiMg",1,0],[4,4279828994],[5,13.35,50.4],[-15.5,0,0,0,0,0,1,1,1,1]],[1,"Background",55,[[2,-781,[72],73]],[0,"67Nw5ieGxPbq6PbUwdiOTA",1,0],[5,44,44],[22,0,0,0,0,0,1,1,1,0]],[1,"Background",56,[[2,-782,[76],77]],[0,"c8MeoTCr5GWKTMW9S2U8vi",1,0],[5,44,44],[22,0,0,0,0,0,1,1,1,0]],[1,"Background",57,[[2,-783,[80],81]],[0,"60JnBPkq9OdLb5kutA2jbP",1,0],[5,44,44],[22,0,0,0,0,0,1,1,1,0]],[1,"Background",58,[[2,-784,[83],84]],[0,"1a+iUu++FFdJ+MZV0Wxq1M",1,0],[5,44,44],[22,0,0,0,0,0,1,1,1,0]],[1,"Background",59,[[2,-785,[86],87]],[0,"c2p6Pz69dEo7W0CXhQkB6z",1,0],[5,44,44],[22,0,0,0,0,0,1,1,1,0]],[1,"Background",60,[[2,-786,[89],90]],[0,"90C2Q7ldRJ545M43B15mIm",1,0],[5,44,44],[22,0,0,0,0,0,1,1,1,0]],[1,"Background",61,[[2,-787,[92],93]],[0,"01y79CGN1LDKQOEVyQPtvL",1,0],[5,44,44],[22,0,0,0,0,0,1,1,1,0]],[1,"Background",62,[[2,-788,[95],96]],[0,"37CuSx73RCz7AsOIMJ2Mw9",1,0],[5,44,44],[22,0,0,0,0,0,1,1,1,0]],[1,"Background",63,[[2,-789,[98],99]],[0,"33cYXBCeBO646wVn0/10Ei",1,0],[5,44,44],[22,0,0,0,0,0,1,1,1,0]],[1,"Background",64,[[2,-790,[101],102]],[0,"b67S9wuj1KfpGYfu1hS8yt",1,0],[5,44,44],[22,0,0,0,0,0,1,1,1,0]],[1,"Background",65,[[2,-791,[105],106]],[0,"f6Oy68yt9MRombf69W/nFl",1,0],[5,44,44],[0,0,0,0,0,0,1,1,1,0]],[1,"Background",66,[[2,-792,[109],110]],[0,"dfAIXcPflHerVnNka6rJ/L",1,0],[5,44,44],[0,0,0,0,0,0,1,1,1,0]],[1,"Background",67,[[2,-793,[112],113]],[0,"8678qQn0lGw4N7edpbVkeY",1,0],[5,44,44],[0,0,0,0,0,0,1,1,1,0]],[16,"New Label",123,[[4,"庄家：",26,1,1,-794,[115]],[46,0,1,15,-795]],[0,"656U2FN8ZCoKs8iLVg7zmu",1,0],[4,4279828994],[5,78,50.4],[-230,-5.199999999999999,0,0,0,0,1,1,1,1]],[6,"New Label",124,[[8,"自由抢庄",24,1,-796,[121]],[19,0,8,12,-797]],[0,"a8lRjkldtDqpLwwArrSQBl",1,0],[4,4279828994],[5,96,50.4],[0,0,0.5],[-198,0,0,0,0,0,1,1,1,1]],[1,"Background",69,[[2,-798,[123],124]],[0,"fe5VG5N3RJYKIHyMX128SO",1,0],[5,44,44],[14,0,0,0,0,0,1,1,1,0]],[1,"Background",70,[[2,-799,[127],128]],[0,"eeFxdkF5dDFJ60ppe1HkFf",1,0],[5,44,44],[14,0,0,0,0,0,1,1,1,0]],[1,"Background",71,[[2,-800,[130],131]],[0,"28ZW3/HMdKdIwriZ5FqqdO",1,0],[5,44,44],[14,0,0,0,0,0,1,1,1,0]],[1,"Background",72,[[2,-801,[134],135]],[0,"d1prCXkMpC2ax5AWDekaIN",1,0],[5,44,44],[0,0,0,0,0,0,1,1,1,0]],[1,"Background",73,[[2,-802,[138],139]],[0,"cbS93AeVlAl7FMlBFSzmUb",1,0],[5,44,44],[0,0,0,0,0,0,1,1,1,0]],[31,"checkmark",false,35,[[62,2,false,-803,[142],143],[49,32,10,-804]],[0,"2aSYbmZMVLFqP8np0ZlxSB",1,0],[5,21,10],[214.5,0,0,0,0,0,1,1,1,1]],[1,"icn",35,[[2,-805,[144],145],[49,32,10,-806]],[0,"efOL2RSSVNU4LEZ9EM3eQF",1,0],[5,21,10],[214.5,0,0,0,0,0,1,1,1,1]],[6,"New Label",74,[[8,"十带十x3/十带九x2/十带八x2",24,1,-807,[148]],[19,0,8,10,-808]],[0,"ac7Efuvp5GWqMh3KA9k6vN",1,0],[4,4279828994],[5,305.38,50.4],[0,0,0.5],[-240,0,0,0,0,0,1,1,1,1]],[3,"LableBg",75,[-810],[[9,0,-809,[151],152]],[0,"07xtJVmOtKaa2GV5AhiP5k",1,0],[5,385.6,127],[11,0,0,0,0,0,1,1,1,1]],[6,"New Label",191,[[96,"无",24,30,1,3,-811,[150]],[53,0,41,8,8,4,8,98,40,-812]],[0,"eaZ2pR/OdLFZPHf9huTdfU",1,0],[4,4278387473],[5,369.6,37.8],[0,0.5,1],[0,59.5,0,0,0,0,1,1,1,1]],[31,"checkmark",false,36,[[62,2,false,-813,[160],161],[49,32,10,-814]],[0,"b0ucjeEtZLvoofxyWRCf6K",1,0],[5,21,10],[214.5,0,0,0,0,0,1,1,1,1]],[1,"icn",36,[[2,-815,[162],163],[49,32,10,-816]],[0,"17JzTMIfBBD6xu+3Eb+gQE",1,0],[5,21,10],[29.5,0,0,0,0,0,1,1,1,1]],[6,"New Label",76,[[8,"0",24,1,-817,[166]],[19,0,8,10,-818]],[0,"deGz7EzvFBmpxv4uCj6Oz6",1,0],[4,4279828994],[5,13.35,50.4],[0,0,0.5],[-40,0,0,0,0,0,1,1,1,1]],[16,"New Label",130,[[4,"盘数：",26,1,1,-819,[167]],[19,0,8,23,-820]],[0,"f7bd0oKiRHnIKhhgYER5DM",1,0],[4,4279828994],[5,78,50.4],[-230,0,0,0,0,0,1,1,1,1]],[1,"Background",38,[[2,-821,[168],169]],[0,"b43jVTd3pGTLMuLCTUNRIV",1,0],[5,44,44],[22,0,0,0,0,0,1,1,1,0]],[1,"Background",39,[[2,-822,[172],173]],[0,"afC5AuOPZGGpahMgahrPSa",1,0],[5,44,44],[22,0,0,0,0,0,1,1,1,0]],[1,"Background",78,[[2,-823,[176],177]],[0,"daCskKJVxMl4XVUPaZ2xVx",1,0],[5,44,44],[14,0,0,0,0,0,1,1,1,1]],[1,"Background",79,[[2,-824,[179],180]],[0,"80GucF2XhAxKziotmSjaQo",1,0],[5,44,44],[14,0,0,0,0,0,1,1,1,1]],[16,"New Label",132,[[4,"门票：",26,1,1,-825,[182]],[19,0,8,23,-826]],[0,"5eZDGsRalAtby7+qcDvuS4",1,0],[4,4279828994],[5,78,50.4],[-230,0,0,0,0,0,1,1,1,1]],[1,"Background",80,[[2,-827,[183],184]],[0,"33f60Nf1dODJjPd5T88wte",1,0],[5,44,44],[22,0,0,0,0,0,1,1,1,0]],[1,"Background",81,[[2,-828,[187],188]],[0,"82LB8PLJhDWa3i6DW1ltBY",1,0],[5,44,44],[22,0,0,0,0,0,1,1,1,0]],[1,"Background",82,[[2,-829,[190],191]],[0,"55JJOAhylAH7+3wfppN6kV",1,0],[5,44,44],[22,0,0,0,0,0,1,1,1,0]],[73,"checkmark",133,[-831],[-830],[0,"9bHWnrecJGc7vLxXza03i1",1,0],[5,196,95],[0,-10,0,0,0,0,1,1,1,1]],[57,"checkmark",false,135,[-833],[-832],[0,"16g1YAZ85E25GhRVEn7yOd",1,0],[5,196,95],[0,-10,0,0,0,0,1,1,1,1]],[57,"checkmark",false,137,[-835],[-834],[0,"9cURXYt8NPnKqGa+bKk0R6",1,0],[5,196,95],[0,-10,0,0,0,0,1,1,1,1]],[75,"New Label",26,[[-836,[37,0,1,-837]],1,4],[0,"a7TUiD8KtE8oZ0sU5GEB6x",1,0],[4,4292855232],[5,248.46,37.8],[0,-18.9,0,0,0,0,1,1,1,1]],[31,"bt_wfsz_ljsz",false,83,[[2,-838,[216],217],[93,1.1,3,-839,[[29,"1fc8f0JnJpIN66aSzA5zpI6","onConfirmSetClicked",1]],[4,4292269782]]],[0,"9bFWN9EjdAnKsXRrqKOwM/",1,0],[5,288,88],[143,0,0,0,0,0,1,1,1,0]],[36,"Background",40,[[54,-840]],[0,"a2EASdRVVOA4IKp6c9SoA7",1,0],[5,44,44]],[71,"New Node",100,85,[[37,0,45,-841],[9,0,-842,[218],219]],[0,"b4v+cMWOJLeKd2fOlMYEDT",1,0],[4,4278190080],[5,664,1270]],[16,"New Label",4,[[97,"选择牌型",33,33,1,1,1,-843,[220]],[20,1,14.410000000000004,-844]],[0,"c65lNK+wJLnKRykzySTrvn",1,0],[4,4278190080],[5,132,41.58],[0,234.8,0,0,0,0,1,1,1,1]],[1,"Background",14,[[2,-845,[221],222]],[0,"43N1YxzWdLvZ+uh3uVwFzy",1,0],[5,44,44],[-94,0,0,0,0,0,1,1,1,0]],[1,"Background",15,[[2,-846,[225],226]],[0,"f0UjnEZcFMhY/FazGSagvs",1,0],[5,44,44],[-94,0,0,0,0,0,1,1,1,0]],[1,"Background",16,[[2,-847,[229],230]],[0,"b0cxPAyYpFcqVlxiCieOvS",1,0],[5,44,44],[-94,0,0,0,0,0,1,1,1,0]],[1,"Background",17,[[2,-848,[233],234]],[0,"54BS8sJOJC666sr12TdTps",1,0],[5,44,44],[-94,0,0,0,0,0,1,1,1,0]],[1,"Background",18,[[2,-849,[237],238]],[0,"0857ltuD1BhaDiNLRgqhqO",1,0],[5,44,44],[-94,0,0,0,0,0,1,1,1,0]],[1,"Background",19,[[2,-850,[241],242]],[0,"93oCMyodpAL6B+BaVP7cMi",1,0],[5,44,44],[-94,0,0,0,0,0,1,1,1,0]],[1,"Background",20,[[2,-851,[245],246]],[0,"b4ghCJ8BhCsZiQmdzhJiED",1,0],[5,44,44],[-94,0,0,0,0,0,1,1,1,0]],[1,"Background",21,[[2,-852,[249],250]],[0,"7bvbry0xRDgLFzT5LZkbwa",1,0],[5,44,44],[-94,0,0,0,0,0,1,1,1,0]],[1,"Background",22,[[2,-853,[253],254]],[0,"d5ksLOXJ1Fr5QATU/9proa",1,0],[5,44,44],[-94,0,0,0,0,0,1,1,1,0]],[1,"Background",23,[[2,-854,[257],258]],[0,"ff41u5lDRFILfC3j7AkkAF",1,0],[5,44,44],[-94,0,0,0,0,0,1,1,1,0]],[1,"line",87,[[9,0,-855,[274],275],[12,0,44,-1,390,-856]],[0,"a6DyI69L9CAqgpb+x+Vlsm",1,0],[5,100,1],[0,-23,0,0,0,0,1,1,1,1]],[1,"line",88,[[9,0,-857,[277],278],[12,0,44,-1,390,-858]],[0,"bdJHcfaiRPXpSnNWHZmUmj",1,0],[5,100,1],[0,-23,0,0,0,0,1,1,1,1]],[1,"line",89,[[9,0,-859,[280],281],[12,0,44,-1,390,-860]],[0,"35paZ+VlJNEKKNRTb1iBjY",1,0],[5,100,1],[0,-23,0,0,0,0,1,1,1,1]],[1,"line",90,[[9,0,-861,[283],284],[12,0,44,-1,390,-862]],[0,"8dB7CBb7VMrKMGsQ54AA4o",1,0],[5,100,1],[0,-23,0,0,0,0,1,1,1,1]],[1,"line",91,[[9,0,-863,[286],287],[12,0,44,-1,390,-864]],[0,"75Q+DYjjRMop+yVbHpdIt1",1,0],[5,100,1],[0,-23,0,0,0,0,1,1,1,1]],[1,"line",92,[[9,0,-865,[297],298],[12,0,44,-1,390,-866]],[0,"e8O+PUjgJJGYo8Zr6ciCbU",1,0],[5,100,1],[0,-23,0,0,0,0,1,1,1,1]],[1,"line",93,[[9,0,-867,[300],301],[12,0,44,-1,390,-868]],[0,"88X6UgOgFAmKEGjRKUQAkZ",1,0],[5,100,1],[0,-23,0,0,0,0,1,1,1,1]],[1,"line",94,[[9,0,-869,[303],304],[12,0,44,-1,390,-870]],[0,"90AUf+1ypPUaxhOe7ap4Y1",1,0],[5,100,1],[0,-23,0,0,0,0,1,1,1,1]],[1,"line",95,[[9,0,-871,[306],307],[12,0,44,-1,390,-872]],[0,"acQMt/tAhLuZqRZOLKK9zc",1,0],[5,100,1],[0,-23,0,0,0,0,1,1,1,1]],[1,"line",96,[[9,0,-873,[309],310],[12,0,44,-1,390,-874]],[0,"77yGZV+QdPub7RqDhjTMXj",1,0],[5,100,1],[0,-23,0,0,0,0,1,1,1,1]],[1,"line",97,[[9,0,-875,[312],313],[12,0,44,-1,390,-876]],[0,"341aTlEGNKZqKWwsp+QKIW",1,0],[5,100,1],[0,-23,0,0,0,0,1,1,1,1]],[1,"line",98,[[9,0,-877,[315],316],[12,0,44,-1,390,-878]],[0,"22DSejDdxK4Jud4H1sBShG",1,0],[5,100,1],[0,-23,0,0,0,0,1,1,1,1]],[1,"line",99,[[9,0,-879,[318],319],[12,0,44,-1,390,-880]],[0,"6cMofSd2VLu5cUu9U0RZgS",1,0],[5,100,1],[0,-23,0,0,0,0,1,1,1,1]],[1,"line",100,[[9,0,-881,[321],322],[12,0,44,-1,390,-882]],[0,"720yNDrOBKnLQzjfBOCgg6",1,0],[5,100,1],[0,-23,0,0,0,0,1,1,1,1]],[1,"line",101,[[9,0,-883,[324],325],[12,0,44,-1,390,-884]],[0,"504nJooIJDkZTOQssQ8nXu",1,0],[5,100,1],[0,-23,0,0,0,0,1,1,1,1]],[1,"line",102,[[9,0,-885,[327],328],[12,0,44,-1,390,-886]],[0,"dfyiINQQpLmYsb5UsvDyUX",1,0],[5,100,1],[0,-23,0,0,0,0,1,1,1,1]],[1,"line",103,[[9,0,-887,[330],331],[12,0,44,-1,390,-888]],[0,"ad81Z0I6RPq4hjzwE5lgd3",1,0],[5,100,1],[0,-23,0,0,0,0,1,1,1,1]],[1,"line",104,[[9,0,-889,[333],334],[12,0,44,-1,390,-890]],[0,"0byigcdhRJBowDOdovqUcC",1,0],[5,100,1],[0,-23,0,0,0,0,1,1,1,1]],[1,"line",105,[[9,0,-891,[336],337],[12,0,44,-1,390,-892]],[0,"86Iz0DI+5MSbWUWtqxzhv2",1,0],[5,100,1],[0,-23,0,0,0,0,1,1,1,1]],[1,"line",106,[[9,0,-893,[339],340],[12,0,44,-1,390,-894]],[0,"f5bElBL6pL+oMgUs/qFFZ5",1,0],[5,100,1],[0,-23,0,0,0,0,1,1,1,1]],[1,"line",107,[[9,0,-895,[342],343],[12,0,44,-1,390,-896]],[0,"ae7gKAlhVFSKDLQj1bo7FC",1,0],[5,100,1],[0,-23,0,0,0,0,1,1,1,1]],[1,"line",108,[[9,0,-897,[345],346],[12,0,44,-1,390,-898]],[0,"24I5xMCG5KCZ86S1nbO9Ju",1,0],[5,100,1],[0,-23,0,0,0,0,1,1,1,1]],[1,"line",109,[[9,0,-899,[348],349],[12,0,44,-1,390,-900]],[0,"7f11ljwuZGA5KD9gJ5QgL5",1,0],[5,100,1],[0,-23,0,0,0,0,1,1,1,1]],[1,"line",110,[[9,0,-901,[351],352],[12,0,44,-1,390,-902]],[0,"d0+zCM6AlI2Z1D0ALugp/7",1,0],[5,100,1],[0,-23,0,0,0,0,1,1,1,1]],[1,"line",111,[[9,0,-903,[354],355],[12,0,44,-1,390,-904]],[0,"8aZfKudLxPzqhYL8A6tuP/",1,0],[5,100,1],[0,-23,0,0,0,0,1,1,1,1]],[1,"line",112,[[9,0,-905,[357],358],[12,0,44,-1,390,-906]],[0,"eeu+CFcx1E85vFNrHpjdGK",1,0],[5,100,1],[0,-23,0,0,0,0,1,1,1,1]],[76,"checkmark",24,[[-907,[32,8,14,-908]],1,4],[0,"c3VZZ2e0FH9Yhuq09nGVB4",1,0],[5,34,34],[-209,2,0,0,0,0,1,1,1,1]],[6,"title",24,[[8,"十带十x3/十带九x2/十带八x2",24,1,-909,[368]],[32,8,55,-910]],[0,"bcE1E0wgRLJKuU3s0HPexM",1,0],[4,4278255884],[5,305.38,50.4],[0,0,0.5],[-185,2,0,0,0,0,1,1,1,1]],[1,"line",24,[[9,0,-911,[369],370],[60,0,4,-0.5,-912]],[0,"83E0d9NbtGZ6yWOqLg1qC3",1,0],[5,390,1],[0,-25,0,0,0,0,1,1,1,1]],[77,"checkmark",false,25,[[-913,[32,8,14,-914]],1,4],[0,"c8EgHhEbRHVbx7IIXRgwoc",1,0],[5,34,34],[-209,2,0,0,0,0,1,1,1,1]],[6,"title",25,[[8,"十带十x4/十带九x3/十带八x2/十带七x2",24,1,-915,[374]],[32,8,55,-916]],[0,"23fcSKvAZE6JRyRqbEbovZ",1,0],[4,4278255884],[5,409.39,50.4],[0,0,0.5],[-185,2,0,0,0,0,1,1,1,1]],[1,"line",25,[[9,0,-917,[375],376],[60,0,4,-1,-918]],[0,"0bImSZ051Jt6N3Bd1TYQ20",1,0],[5,390,1],[0,-25.5,0,0,0,0,1,1,1,1]],[18,"checkmark",27,[-919],[0,"fdmdChAIFNVZfHxSTF82y2",1,0],[5,34,34],[22,0,0,0,0,0,1,1,1,1]],[17,2,false,255,[11]],[6,"New Label",27,[[4,"1",26,1,1,-920,[12]]],[0,"0eVRCo+zVH0oGugZYGxGpT",1,0],[4,4279828994],[5,14.46,50.4],[0,0,0.5],[50,0,0,0,0,0,1,1,1,1]],[15,"checkmark",false,43,[-921],[0,"0bOnFJzHdGz7gxp6NH1w7j",1,0],[5,34,34],[22,0,0,0,0,0,1,1,1,1]],[11,2,false,258],[6,"New Label",43,[[4,"2",26,1,1,-922,[15]]],[0,"e8kHDVrOhCB4TARe8vnN/3",1,0],[4,4279828994],[5,14.46,50.4],[0,0,0.5],[50,0,0,0,0,0,1,1,1,1]],[15,"checkmark",false,44,[-923],[0,"d7D3spfUdNjJqux13F46az",1,0],[5,34,34],[22,0,0,0,0,0,1,1,1,1]],[11,2,false,261],[6,"New Label",44,[[4,"3",26,1,1,-924,[18]]],[0,"363Z8lpS1M7aU4PZeY2ff6",1,0],[4,4279828994],[5,14.46,50.4],[0,0,0.5],[50,0,0,0,0,0,1,1,1,1]],[15,"checkmark",false,45,[-925],[0,"96JVnN5QdMtaSJgEjpZ8TI",1,0],[5,34,34],[22,0,0,0,0,0,1,1,1,1]],[11,2,false,264],[6,"New Label",45,[[4,"4",26,1,1,-926,[21]]],[0,"a0/ZYRYlpD27wco1bomZHn",1,0],[4,4279828994],[5,14.46,50.4],[0,0,0.5],[50,0,0,0,0,0,1,1,1,1]],[15,"checkmark",false,46,[-927],[0,"2b0WWSTnRJx6/zb0EZmbx1",1,0],[5,34,34],[22,0,0,0,0,0,1,1,1,1]],[11,2,false,267],[6,"New Label",46,[[4,"5",26,1,1,-928,[24]]],[0,"45IODH3xVISqy+QQEm+JFM",1,0],[4,4279828994],[5,14.46,50.4],[0,0,0.5],[50,0,0,0,0,0,1,1,1,1]],[18,"checkmark",28,[-929],[0,"08X9d6PKdMgJZq//73gAcA",1,0],[5,34,34],[14,0,0,0,0,0,1,1,1,1]],[17,2,false,270,[28]],[6,"New Label",28,[[4,"1、2、4、5",26,1,1,-930,[29]]],[0,"e6fpdRQRtCVqCTpXDtlfPw",1,0],[4,4279828994],[5,135.84,50.4],[0,0,0.5],[42,0,0,0,0,0,1,1,1,1]],[15,"checkmark",false,29,[-931],[0,"daxudwpItK2LcEJMcnIjfP",1,0],[5,40,40],[14,0,0,0,0,0,1,1,1,1]],[11,2,false,273],[6,"New Label",29,[[4,"1、3、5、8",26,1,1,-932,[32]]],[0,"30V6G8TDhL96D39P6ksBaI",1,0],[4,4279828994],[5,135.84,50.4],[0,0,0.5],[42,0,0,0,0,0,1,1,1,1]],[15,"checkmark",false,30,[-933],[0,"6c6qiNv0xNG57aosG4GSbD",1,0],[5,40,40],[14,0,0,0,0,0,1,1,1,1]],[11,2,false,276],[6,"New Label",30,[[4,"1、4、6、10",26,1,1,-934,[35]]],[0,"ddWr+sz1pCNLjGBvUewWaE",1,0],[4,4279828994],[5,150.3,50.4],[0,0,0.5],[42,0,0,0,0,0,1,1,1,1]],[15,"checkmark",false,31,[-935],[0,"27tols/BBGl4DAuTXt8Gp0",1,0],[5,40,40],[14,0,0,0,0,0,1,1,1,1]],[11,2,false,279],[6,"New Label",31,[[4,"2、4、6、10",26,1,1,-936,[38]]],[0,"57Gm4uoDlIWqkRNsO917i+",1,0],[4,4279828994],[5,150.3,50.4],[0,0,0.5],[42,0,0,0,0,0,1,1,1,1]],[15,"checkmark",false,32,[-937],[0,"9a3qkeX9hCFLweL/Mewtkl",1,0],[5,40,40],[14,0,0,0,0,0,1,1,1,1]],[11,2,false,282],[6,"New Label",32,[[4,"1、5、8、12",26,1,1,-938,[41]]],[0,"04ifJN4klHhYrX+qFrehXx",1,0],[4,4279828994],[5,150.3,50.4],[0,0,0.5],[42,0,0,0,0,0,1,1,1,1]],[16,"New Label",47,[[4,"准备",26,1,1,-939,[43]]],[0,"30pyvW8OVA37JTQ/WDNmnJ",1,0],[4,4279828994],[5,52,50.4],[-55,0,0,0,0,0,1,1,1,1]],[31,"checkmark",false,48,[[41,2,false,-940,44]],[0,"b9IwKJTTFMd5piJxtCbb8R",1,0],[5,21,10],[27,0,0,0,0,0,1,1,1,1]],[1,"icn",48,[[2,-941,[45],46]],[0,"19EB8oowVEWblI8wqDWMfb",1,0],[5,21,10],[27,0,0,0,0,0,1,1,1,1]],[16,"New Label",49,[[4,"摊牌",26,1,1,-942,[50]]],[0,"930Ap8UmFAN5bEM4COEJ+N",1,0],[4,4279828994],[5,52,50.4],[-55,0,0,0,0,0,1,1,1,1]],[31,"checkmark",false,50,[[41,2,false,-943,51]],[0,"eesxOl9IBAlb87zJffp6BQ",1,0],[5,21,10],[27,0,0,0,0,0,1,1,1,1]],[1,"icn",50,[[2,-944,[52],53]],[0,"ebSdB2lhhE6o1JTPOuckaA",1,0],[5,21,10],[27,0,0,0,0,0,1,1,1,1]],[16,"New Label",51,[[4,"抢庄",26,1,1,-945,[57]]],[0,"027pq8QhhAxon8wf6Ay5qQ",1,0],[4,4279828994],[5,52,50.4],[-55,0,0,0,0,0,1,1,1,1]],[31,"checkmark",false,52,[[41,2,false,-946,58]],[0,"14ysl6FPlJhaPcL6A5jjHt",1,0],[5,21,10],[27,0,0,0,0,0,1,1,1,1]],[1,"icn",52,[[2,-947,[59],60]],[0,"40JoeV9bxNZaFRwsoRAoLP",1,0],[5,21,10],[27,0,0,0,0,0,1,1,1,1]],[16,"New Label",53,[[4,"下注",26,1,1,-948,[64]]],[0,"9bUQ1nhghMRpz0Dfa9tFS4",1,0],[4,4279828994],[5,52,50.4],[-55,0,0,0,0,0,1,1,1,1]],[31,"checkmark",false,54,[[41,2,false,-949,65]],[0,"4cl1pfMu9D1Y02xctTDlOs",1,0],[5,21,10],[27,0,0,0,0,0,1,1,1,1]],[1,"icn",54,[[2,-950,[66],67]],[0,"e4c82Pv09DVJjD2oCSj80H",1,0],[5,21,10],[27,0,0,0,0,0,1,1,1,1]],[16,"New Label",121,[[4,"人数：",26,1,1,-951,[71]]],[0,"4dYu8l935EtYHEcUSN4f8A",1,0],[4,4279828994],[5,78,50.4],[-230,25,0,0,0,0,1,1,1,1]],[15,"checkmark",false,55,[-952],[0,"b9jENOfzlPR5aNjw4o5uIF",1,0],[5,34,34],[22,0,0,0,0,0,1,1,1,1]],[17,2,false,298,[74]],[6,"New Label",55,[[4,"6",26,1,1,-953,[75]]],[0,"16MfYit7lFZ61rq5AHUHXL",1,0],[4,4279828994],[5,14.46,50.4],[0,0,0.5],[50,0,0,0,0,0,1,1,1,1]],[18,"checkmark",56,[-954],[0,"a0vmduYrJKiICOv3OLiTSl",1,0],[5,34,34],[22,0,0,0,0,0,1,1,1,1]],[17,2,false,301,[78]],[6,"New Label",56,[[4,"9",26,1,1,-955,[79]]],[0,"26J82bMNpJ8aPwE2fgQ6YL",1,0],[4,4279828994],[5,14.46,50.4],[0,0,0.5],[50,0,0,0,0,0,1,1,1,1]],[15,"checkmark",false,57,[-956],[0,"b0TPzhyYhCxJr0X35R2Mt4",1,0],[5,34,34],[22,0,0,0,0,0,1,1,1,1]],[11,2,false,304],[6,"New Label",57,[[4,"10",26,1,1,-957,[82]]],[0,"71ZSCXvj1Jb5NjcqWlUk7W",1,0],[4,4279828994],[5,28.92,50.4],[0,0,0.5],[50,0,0,0,0,0,1,1,1,1]],[15,"checkmark",false,58,[-958],[0,"ee4QugfVNKhZD3d4jqQmt5",1,0],[5,34,34],[22,0,0,0,0,0,1,1,1,1]],[11,2,false,307],[6,"New Label",58,[[4,"12",26,1,1,-959,[85]]],[0,"a52Shceo5GZ5uoCJ7gRT04",1,0],[4,4279828994],[5,28.92,50.4],[0,0,0.5],[50,0,0,0,0,0,1,1,1,1]],[15,"checkmark",false,59,[-960],[0,"b2Embj26RF1YzQnmOiJdOu",1,0],[5,34,34],[22,0,0,0,0,0,1,1,1,1]],[11,2,false,310],[6,"New Label",59,[[4,"13",26,1,1,-961,[88]]],[0,"34bKVtQTlIB4NUBTIu/FKn",1,0],[4,4279828994],[5,28.92,50.4],[0,0,0.5],[50,0,0,0,0,0,1,1,1,1]],[15,"checkmark",false,60,[-962],[0,"80fyz9jDRHK6bz/W2MFWSg",1,0],[5,34,34],[22,0,0,0,0,0,1,1,1,1]],[11,2,false,313],[6,"New Label",60,[[4,"15",26,1,1,-963,[91]]],[0,"9fn19kMsJMr42WdZsATIgL",1,0],[4,4279828994],[5,28.92,50.4],[0,0,0.5],[50,0,0,0,0,0,1,1,1,1]],[15,"checkmark",false,61,[-964],[0,"adKe2Skj5Ad53UrqKRJxqQ",1,0],[5,34,34],[22,0,0,0,0,0,1,1,1,1]],[11,2,false,316],[6,"New Label",61,[[4,"17",26,1,1,-965,[94]]],[0,"b7aIaZ2RBDBY99do9kgWdO",1,0],[4,4279828994],[5,28.92,50.4],[0,0,0.5],[50,0,0,0,0,0,1,1,1,1]],[15,"checkmark",false,62,[-966],[0,"0ei5pJq+pHb7lxUF463LZA",1,0],[5,34,34],[22,0,0,0,0,0,1,1,1,1]],[11,2,false,319],[6,"New Label",62,[[4,"19",26,1,1,-967,[97]]],[0,"e0p1/qbQtHoI5X4ZTY0Dwp",1,0],[4,4279828994],[5,28.92,50.4],[0,0,0.5],[50,0,0,0,0,0,1,1,1,1]],[15,"checkmark",false,63,[-968],[0,"3c94iPn1dEo50a+HGGGQPJ",1,0],[5,34,34],[22,0,0,0,0,0,1,1,1,1]],[11,2,false,322],[6,"New Label",63,[[4,"21",26,1,1,-969,[100]]],[0,"f5hiGINgVHLZe94Ik+67/i",1,0],[4,4279828994],[5,28.92,50.4],[0,0,0.5],[50,0,0,0,0,0,1,1,1,1]],[15,"checkmark",false,64,[-970],[0,"94s9fm7lFAqrgeBegXr6eb",1,0],[5,34,34],[22,0,0,0,0,0,1,1,1,1]],[11,2,false,325],[6,"New Label",64,[[4,"23",26,1,1,-971,[103]]],[0,"b0/WS0v8tGRoCcaCbUNAA7",1,0],[4,4279828994],[5,28.92,50.4],[0,0,0.5],[50,0,0,0,0,0,1,1,1,1]],[16,"New Label",122,[[4,"庄家：",26,1,1,-972,[104]]],[0,"faDJsCeWBOEY5pvMTPQ/B0",1,0],[4,4279828994],[5,78,50.4],[-230,0,0,0,0,0,1,1,1,1]],[58,"checkmark",65,[-973],[0,"6aeKIpKuFFnapIFaM5/oTX",1,0],[5,34,34]],[17,2,false,329,[107]],[6,"New Label",65,[[4,"自由抢庄",26,1,1,-974,[108]]],[0,"a3xQdzIblHV5kRh9SEiahv",1,0],[4,4279828994],[5,104,50.4],[0,0,0.5],[28,0,0,0,0,0,1,1,1,1]],[45,"checkmark",false,66,[-975],[0,"40S1fi74xBKbRW/WR8k8Ex",1,0],[5,40,40]],[11,2,false,332],[6,"New Label",66,[[4,"牛牛上庄",26,1,1,-976,[111]]],[0,"d5z+bhaH9NNYiK9plu/8uP",1,0],[4,4279828994],[5,104,50.4],[0,0,0.5],[28,0,0,0,0,0,1,1,1,1]],[45,"checkmark",false,67,[-977],[0,"410djbJRNCQIpp5bAyBUyE",1,0],[5,40,40]],[11,2,false,335],[6,"New Label",67,[[4,"没牛下庄",26,1,1,-978,[114]]],[0,"7c65adlPpOv6rDyHc0F80R",1,0],[4,4279828994],[5,104,50.4],[0,0,0.5],[28,0,0,0,0,0,1,1,1,1]],[31,"checkmark",false,68,[[41,2,false,-979,116]],[0,"eb5FiWYY1NVKS08BHi2rR5",1,0],[5,54,30],[177,0,0,0,0,0,1,1,1,1]],[1,"icn",68,[[2,-980,[117],118]],[0,"e9uF4BiQpAhriaPnKd7S21",1,0],[5,21,10],[177,0,0,0,0,0,1,1,1,1]],[16,"New Label",125,[[4,"抢庄：",26,1,1,-981,[122]]],[0,"ffWv3ksltJprC5EH/NPrT7",1,0],[4,4279828994],[5,78,50.4],[-230,30,0,0,0,0,1,1,1,1]],[18,"checkmark",69,[-982],[0,"64Sjh3/tJEXqthKfWep79/",1,0],[5,34,34],[14,0,0,0,0,0,1,1,1,1]],[17,2,false,341,[125]],[6,"New Label",69,[[4,"1、2、4、5",26,1,1,-983,[126]]],[0,"61epDc0NhIk4XpL2daersL",1,0],[4,4279828994],[5,135.84,50.4],[0,0,0.5],[42,0,0,0,0,0,1,1,1,1]],[15,"checkmark",false,70,[-984],[0,"a38ygDU4NPzZNWOGiTJGs2",1,0],[5,40,40],[14,0,0,0,0,0,1,1,1,1]],[11,2,false,344],[6,"New Label",70,[[4,"1、3、5、8",26,1,1,-985,[129]]],[0,"efTw1BHXtIdoP9h08gywLs",1,0],[4,4279828994],[5,135.84,50.4],[0,0,0.5],[42,0,0,0,0,0,1,1,1,1]],[15,"checkmark",false,71,[-986],[0,"f4d9feP+5AlYfY3QzoT3xx",1,0],[5,40,40],[14,0,0,0,0,0,1,1,1,1]],[11,2,false,347],[6,"New Label",71,[[4,"2、4、6、10",26,1,1,-987,[132]]],[0,"2aftYRF0VCsqWPnECfoGO3",1,0],[4,4279828994],[5,150.3,50.4],[0,0,0.5],[42,0,0,0,0,0,1,1,1,1]],[16,"New Label",126,[[4,"比牌：",26,1,1,-988,[133]]],[0,"52U/abAgNAXL9XfnJMi/V1",1,0],[4,4279828994],[5,78,50.4],[-230,0,0,0,0,0,1,1,1,1]],[58,"checkmark",72,[-989],[0,"84pM8rgLxD2rr92Wxyr02E",1,0],[5,34,34]],[17,2,false,351,[136]],[6,"New Label",72,[[4,"唯一赢家",26,1,1,-990,[137]]],[0,"ca/i12B09BH40QX/8YCm74",1,0],[4,4279828994],[5,104,50.4],[0,0,0.5],[28,0,0,0,0,0,1,1,1,1]],[45,"checkmark",false,73,[-991],[0,"56EUKRY3xG5bY9Un615Uxl",1,0],[5,40,40]],[11,2,false,354],[6,"New Label",73,[[4,"挨个比较",26,1,1,-992,[140]]],[0,"16ZDcgPztIzKya15a0fOU/",1,0],[4,4279828994],[5,104,50.4],[0,0,0.5],[28,0,0,0,0,0,1,1,1,1]],[16,"New Label",127,[[4,"倍数：",26,1,1,-993,[141]]],[0,"cdW0unxPRFdIIKxrTRQI+b",1,0],[4,4279828994],[5,78,50.4],[-230,0,0,0,0,0,1,1,1,1]],[16,"New Label",75,[[4,"高级：",26,1,1,-994,[149]]],[0,"b3+mE60d9JtZh79yxfM+ge",1,0],[4,4279828994],[5,78,50.4],[-230,44,0,0,0,0,1,1,1,1]],[16,"New Label",129,[[4,"癞子：",26,1,1,-995,[159]]],[0,"f5WlLjrjdKmbvGyQQI+E7C",1,0],[4,4279828994],[5,78,50.4],[-230,0,0,0,0,0,1,1,1,1]],[18,"checkmark",38,[-996],[0,"6b0oE2f6BG7rEBzR9GHz2+",1,0],[5,34,34],[22,0,0,0,0,0,1,1,1,1]],[17,2,false,360,[170]],[6,"New Label",38,[[4,"10盘",26,1,1,-997,[171]]],[0,"612MMxMmhE3biTUFVIVGE/",1,0],[4,4279828994],[5,54.92,50.4],[0,0,0.5],[50,0,0,0,0,0,1,1,1,1]],[15,"checkmark",false,39,[-998],[0,"5fecR9vUhEQaiU1xYEn5yt",1,0],[5,34,34],[22,0,0,0,0,0,1,1,1,1]],[11,2,false,363],[6,"New Label",39,[[4,"20盘",26,1,1,-999,[174]]],[0,"b3y0HNcKdE96Dk53UQ85O8",1,0],[4,4279828994],[5,54.92,50.4],[0,0,0.5],[50,0,0,0,0,0,1,1,1,1]],[16,"New Label",131,[[4,"特殊：",26,1,1,-1000,[175]]],[0,"08SY4/kzpIcIi1YlP9k/vB",1,0],[4,4279828994],[5,78,50.4],[-230,0,0,0,0,0,1,1,1,1]],[15,"checkmark",false,78,[-1001],[0,"e3SGbqFj5BTbUYsaG1r1Wr",1,0],[5,34,34],[14,0,0,0,0,0,1,1,1,1]],[11,2,false,367],[6,"New Label",78,[[4,"允许搓牌",26,1,1,-1002,[178]]],[0,"1bNDeigxhON5qdZIfoXTev",1,0],[4,4279828994],[5,104,50.4],[0,0,0.5],[42,0,0,0,0,0,1,1,1,1]],[15,"checkmark",false,79,[-1003],[0,"74liRPEj5J07ZgU1aHNNuj",1,0],[5,34,34],[14,0,0,0,0,0,1,1,1,1]],[11,2,false,370],[6,"New Label",79,[[4,"通杀加倍",26,1,1,-1004,[181]]],[0,"bedu06oeVFSKofAXKvvWS7",1,0],[4,4279828994],[5,104,50.4],[0,0,0.5],[42,0,0,0,0,0,1,1,1,1]],[18,"checkmark",80,[-1005],[0,"a64xrL7Y9GnJ/4A6uhD70P",1,0],[5,34,34],[22,0,0,0,0,0,1,1,1,1]],[17,2,false,373,[185]],[6,"New Label",80,[[4,"房主付",26,1,1,-1006,[186]]],[0,"b3z+JCGiJJaJrBVHCxUh7n",1,0],[4,4279828994],[5,78,50.4],[0,0,0.5],[50,0,0,0,0,0,1,1,1,1]],[15,"checkmark",false,81,[-1007],[0,"40eyl48xZAS6cJCSrYaOHw",1,0],[5,34,34],[22,0,0,0,0,0,1,1,1,1]],[11,2,false,376],[6,"New Label",81,[[4,"AA付",26,1,1,-1008,[189]]],[0,"7amimwYeFMkKHwjg5+zlpg",1,0],[4,4279828994],[5,60.68,50.4],[0,0,0.5],[50,0,0,0,0,0,1,1,1,1]],[15,"checkmark",false,82,[-1009],[0,"87A9PoshBMw6Ftj+Z1+S+j",1,0],[5,34,34],[22,0,0,0,0,0,1,1,1,1]],[11,2,false,379],[6,"New Label",82,[[4,"大赢家",26,1,1,-1010,[192]]],[0,"1aVHJ0C9hBkqiZsUQ+ubBv",1,0],[4,4279828994],[5,78,50.4],[0,0,0.5],[50,0,0,0,0,0,1,1,1,1]],[36,"bt_cjfj_mpqz",134,[[2,-1011,[195],196]],[0,"73LZqcLVRAyqnL/JSejHRz",1,0],[5,147,40]],[1,"bt_cjfj_mpqz_1",205,[[2,-1012,[199],200]],[0,"86l17rSNFEA5Z7YmhOKrPZ",1,0],[5,147,40],[0,10,0,0,0,0,1,1,1,1]],[85,205,[201]],[36,"bt_cjfj_jdms",136,[[2,-1013,[202],203]],[0,"ddfEeM1SRNgq7Lgi7XJDtx",1,0],[5,147,40]],[1,"bt_cjfj_jdms_1",206,[[63,-1014,206]],[0,"62uA2iplRG4a2Fj6xMzaG9",1,0],[5,147,40],[0,10,0,0,0,0,1,1,1,1]],[54,206],[36,"bt_cjfj_tbms",138,[[2,-1015,[207],208]],[0,"447dkXRt1FZZ9ai18moS6V",1,0],[5,146,40]],[1,"bt_cjfj_tbms_1",207,[[63,-1016,211]],[0,"e9ekP9omZGtolW8rtkQJhW",1,0],[5,146,40],[0,10,0,0,0,0,1,1,1,1]],[54,207],[98,"先发4张牌，看牌抢庄",26,30,1,1,208,[212]],[74,"New Label",84,[-1017],[0,"09+/HsBNJItYaSiRTniQM9",1,0],[4,4278198392],[5,174.78,50.4],[0,-25,0,0,0,0,1,1,1,1]],[4,"房主付(门票x4)",26,1,1,392,[213]],[45,"checkmark",false,40,[-1018],[0,"faIDZhqndFqIZfgQA6lLat",1,0],[5,55,55]],[11,2,false,394],[72,"New Label",40,[[99,"仅好友可加入",30,1,1,-1019]],[0,"2fCksdpmhP/pCRofJyLIGH",1,0],[5,180,40],[0,0,0.5],[28,0,0,0,0,0,1,1,1,1]],[18,"checkmark",14,[-1020],[0,"78D0euT9dGNoEfAgJHVsU8",1,0],[5,44,43],[-94,0,0,0,0,0,1,1,1,1]],[17,2,false,397,[223]],[6,"New Label",14,[[4,"四花(4倍)",30,1,1,-1021,[224]]],[0,"54Ku2FCA1O0ZSYeAHfGqOl",1,0],[4,4278255887],[5,126.67,50.4],[0,0,0.5],[-66,0,0,0,0,0,1,1,1,1]],[18,"checkmark",15,[-1022],[0,"607loj+W9A3aipSadQBkyc",1,0],[5,44,43],[-94,0,0,0,0,0,1,1,1,1]],[17,2,false,400,[227]],[6,"New Label",15,[[4,"四小(4倍)",30,1,1,-1023,[228]]],[0,"14uB3WLMhJfJcD29yw0dDP",1,0],[4,4278255887],[5,126.67,50.4],[0,0,0.5],[-66,0,0,0,0,0,1,1,1,1]],[18,"checkmark",16,[-1024],[0,"4c/Ix72b5HrbfA6OtPQZkV",1,0],[5,44,43],[-94,0,0,0,0,0,1,1,1,1]],[17,2,false,403,[231]],[6,"New Label",16,[[4,"五花(5倍)",30,1,1,-1025,[232]]],[0,"b2JgbK//5GoKqara7q301q",1,0],[4,4278255887],[5,126.67,50.4],[0,0,0.5],[-66,0,0,0,0,0,1,1,1,1]],[18,"checkmark",17,[-1026],[0,"aaBqDaoCxGHZ+KC1tKBy1a",1,0],[5,44,43],[-94,0,0,0,0,0,1,1,1,1]],[17,2,false,406,[235]],[6,"New Label",17,[[4,"顺子(5倍)",30,1,1,-1027,[236]]],[0,"631n4eJ2FKQq/RpLR7hRv2",1,0],[4,4278255887],[5,126.67,50.4],[0,0,0.5],[-66,0,0,0,0,0,1,1,1,1]],[18,"checkmark",18,[-1028],[0,"adlgEYxmZKbKUWiC8aSBJi",1,0],[5,44,43],[-94,0,0,0,0,0,1,1,1,1]],[17,2,false,409,[239]],[6,"New Label",18,[[4,"同花(6倍)",30,1,1,-1029,[240]]],[0,"9fNe+Guz1Nx78O1ooDkvkd",1,0],[4,4278255887],[5,126.67,50.4],[0,0,0.5],[-66,0,0,0,0,0,1,1,1,1]],[18,"checkmark",19,[-1030],[0,"54FUKlAklKG7RUamKxtw5c",1,0],[5,44,43],[-94,0,0,0,0,0,1,1,1,1]],[17,2,false,412,[243]],[6,"New Label",19,[[4,"葫芦(7倍)",30,1,1,-1031,[244]]],[0,"177n0BXYZIn42jTAG0bN3v",1,0],[4,4278255887],[5,126.67,50.4],[0,0,0.5],[-66,0,0,0,0,0,1,1,1,1]],[18,"checkmark",20,[-1032],[0,"28IUKqD3ZEmYlwfBu07ZuY",1,0],[5,44,43],[-94,0,0,0,0,0,1,1,1,1]],[17,2,false,415,[247]],[6,"New Label",20,[[4,"炸弹(8倍)",30,1,1,-1033,[248]]],[0,"0bujURN09I6q4sflKsvpZF",1,0],[4,4278255887],[5,126.67,50.4],[0,0,0.5],[-66,0,0,0,0,0,1,1,1,1]],[18,"checkmark",21,[-1034],[0,"a1He0gXENB7qtXAFBgPoDS",1,0],[5,44,43],[-94,0,0,0,0,0,1,1,1,1]],[17,2,false,418,[251]],[6,"New Label",21,[[4,"五小(8倍)",30,1,1,-1035,[252]]],[0,"7aVYYSH6xJ7pI7WNq7KfvP",1,0],[4,4278255887],[5,126.67,50.4],[0,0,0.5],[-66,0,0,0,0,0,1,1,1,1]],[18,"checkmark",22,[-1036],[0,"23g1FET/FLjJK59biU8/W+",1,0],[5,44,43],[-94,0,0,0,0,0,1,1,1,1]],[17,2,false,421,[255]],[6,"New Label",22,[[4,"同花顺(10倍)",30,1,1,-1037,[256]]],[0,"c2IK6mYk1DI79AacYKCx5K",1,0],[4,4278255887],[5,173.35,50.4],[0,0,0.5],[-66,0,0,0,0,0,1,1,1,1]],[18,"checkmark",23,[-1038],[0,"87U52vFWJGs7tyqXzda/MY",1,0],[5,44,43],[-94,0,0,0,0,0,1,1,1,1]],[17,2,false,424,[259]],[6,"New Label",23,[[4,"核弹(12倍)",30,1,1,-1039,[260]]],[0,"3f6cv8T61NO6/mM9j9ktU8",1,0],[4,4278255887],[5,143.35,50.4],[0,0,0.5],[-66,0,0,0,0,0,1,1,1,1]],[10,"title",87,[[8,"5",24,1,-1040,[273]]],[0,"25aPmKP9RLBI4QMiO6rQUN",1,0],[4,4278255884],[5,13.35,50.4]],[10,"title",88,[[8,"6",24,1,-1041,[276]]],[0,"56dXmO5JZOB4+NlW27RzW9",1,0],[4,4278255884],[5,13.35,50.4]],[10,"title",89,[[8,"7",24,1,-1042,[279]]],[0,"c9ba9qfc9A9IMQPK8eqr+5",1,0],[4,4278255884],[5,13.35,50.4]],[10,"title",90,[[8,"8",24,1,-1043,[282]]],[0,"74kIT/aMtG9YhxbkTZMRVn",1,0],[4,4278255884],[5,13.35,50.4]],[10,"title",91,[[8,"9",24,1,-1044,[285]]],[0,"3bmqWw0d1LqZPvqOOth+KG",1,0],[4,4278255884],[5,13.35,50.4]],[10,"title",141,[[8,"10",24,1,-1045,[288]]],[0,"67lDqAB9NGM5RUbKqOgyXY",1,0],[4,4278255884],[5,26.7,50.4]],[10,"title",142,[[8,"10",24,1,-1046,[289]]],[0,"546PtTbZ9F5pqF+ZLkF0XR",1,0],[4,4278255884],[5,26.7,50.4]],[10,"title",92,[[8,"5",24,1,-1047,[296]]],[0,"e2hHVIlfVBkYY426mL9nCB",1,0],[4,4278255884],[5,13.35,50.4]],[10,"title",93,[[8,"5",24,1,-1048,[299]]],[0,"fcIQwV58JOqYe6YRU6uLlh",1,0],[4,4278255884],[5,13.35,50.4]],[10,"title",94,[[8,"5",24,1,-1049,[302]]],[0,"f2Bogq5MdEcYVzkFyYHc/M",1,0],[4,4278255884],[5,13.35,50.4]],[10,"title",95,[[8,"5",24,1,-1050,[305]]],[0,"57/qT1KZ1Mobd5DXqjOMru",1,0],[4,4278255884],[5,13.35,50.4]],[10,"title",96,[[8,"5",24,1,-1051,[308]]],[0,"b61UIVyiZMQJqDyXNUr5/n",1,0],[4,4278255884],[5,13.35,50.4]],[10,"title",97,[[8,"5",24,1,-1052,[311]]],[0,"58fqFK+u1FrYTJ6j1iiDZz",1,0],[4,4278255884],[5,13.35,50.4]],[10,"title",98,[[8,"5",24,1,-1053,[314]]],[0,"49DboLVwxLC4Ze+ekfH4Z4",1,0],[4,4278255884],[5,13.35,50.4]],[10,"title",99,[[8,"5",24,1,-1054,[317]]],[0,"cfAAbvEDlNnI78ClZTZHPx",1,0],[4,4278255884],[5,13.35,50.4]],[10,"title",100,[[8,"5",24,1,-1055,[320]]],[0,"f411WzEBdIioDMPKf8FTk+",1,0],[4,4278255884],[5,13.35,50.4]],[10,"title",101,[[8,"5",24,1,-1056,[323]]],[0,"e6i7V+DqFFzbw4uJmV67f9",1,0],[4,4278255884],[5,13.35,50.4]],[10,"title",102,[[8,"5",24,1,-1057,[326]]],[0,"1cTk97yXtC5Y86clhpwWsP",1,0],[4,4278255884],[5,13.35,50.4]],[10,"title",103,[[8,"5",24,1,-1058,[329]]],[0,"54P9kYUL5DVJkq31QYz+4K",1,0],[4,4278255884],[5,13.35,50.4]],[10,"title",104,[[8,"5",24,1,-1059,[332]]],[0,"4eE4GMCbdHXoF9PGMj3w0I",1,0],[4,4278255884],[5,13.35,50.4]],[10,"title",105,[[8,"5",24,1,-1060,[335]]],[0,"c2E3pL7YhNJpJnnfRkaCmO",1,0],[4,4278255884],[5,13.35,50.4]],[10,"title",106,[[8,"5",24,1,-1061,[338]]],[0,"01x2Y+iaxO4ajtx5uZ7Byr",1,0],[4,4278255884],[5,13.35,50.4]],[10,"title",107,[[8,"5",24,1,-1062,[341]]],[0,"15vrzESdZN0LaQ2W5lCQNw",1,0],[4,4278255884],[5,13.35,50.4]],[10,"title",108,[[8,"5",24,1,-1063,[344]]],[0,"abNZQafqVLp5b7/gFNweed",1,0],[4,4278255884],[5,13.35,50.4]],[10,"title",109,[[8,"5",24,1,-1064,[347]]],[0,"9aI7S1WM5OiqY/Sg3wsq8K",1,0],[4,4278255884],[5,13.35,50.4]],[10,"title",110,[[8,"5",24,1,-1065,[350]]],[0,"8fFeqONi9MipalYiX6DuMi",1,0],[4,4278255884],[5,13.35,50.4]],[10,"title",111,[[8,"5",24,1,-1066,[353]]],[0,"fbECGD7iVCG6NPSqmGIrh1",1,0],[4,4278255884],[5,13.35,50.4]],[10,"title",112,[[8,"5",24,1,-1067,[356]]],[0,"3cHmUXmJxNZZJH0aOEwHx+",1,0],[4,4278255884],[5,13.35,50.4]],[17,2,false,249,[367]],[17,2,false,252,[373]]],0,[0,10,1,0,0,1,0,11,5,0,12,39,0,13,38,0,14,9,0,15,2,0,16,6,0,17,393,0,18,391,0,0,1,0,0,1,0,-1,148,0,-2,149,0,-3,41,0,-4,26,0,-5,83,0,-6,85,0,-7,139,0,-8,143,0,-9,113,0,0,2,0,0,2,0,0,2,0,0,2,0,-1,92,0,-2,93,0,-3,94,0,-4,95,0,-5,96,0,-6,97,0,-7,98,0,-8,99,0,-9,100,0,-10,101,0,-11,102,0,-12,103,0,-13,104,0,-14,105,0,-15,106,0,-16,107,0,-17,108,0,-18,109,0,-19,110,0,-20,111,0,-21,112,0,0,3,0,0,3,0,-1,115,0,-2,116,0,-3,10,0,-4,121,0,-5,122,0,-6,123,0,-7,125,0,-8,126,0,-9,127,0,-10,75,0,-11,129,0,-12,130,0,-13,131,0,-14,132,0,0,4,0,0,4,0,0,4,0,-1,212,0,-2,14,0,-3,15,0,-4,16,0,-5,17,0,-6,18,0,-7,19,0,-8,20,0,-9,21,0,-10,22,0,-11,23,0,-12,86,0,0,5,0,0,5,0,0,5,0,-1,55,0,-2,56,0,-3,57,0,-4,58,0,-5,59,0,-6,60,0,-7,61,0,-8,62,0,-9,63,0,-10,64,0,0,6,0,0,6,0,0,6,0,0,6,0,-1,87,0,-2,88,0,-3,89,0,-4,90,0,-5,91,0,-6,141,0,-7,142,0,0,7,0,0,7,0,0,7,0,-1,27,0,-2,43,0,-3,44,0,-4,45,0,-5,46,0,0,8,0,0,8,0,-1,28,0,-2,29,0,-3,30,0,-4,31,0,-5,32,0,0,9,0,0,9,0,0,9,0,0,9,0,-1,24,0,-2,25,0,0,10,0,-1,163,0,-2,47,0,-3,49,0,-4,51,0,-5,53,0,0,11,0,0,11,0,0,11,0,-1,65,0,-2,66,0,-3,67,0,0,12,0,0,12,0,0,12,0,-1,80,0,-2,81,0,-3,82,0,0,13,0,0,13,0,0,13,0,-1,133,0,-2,135,0,-3,137,0,3,398,0,2,213,0,0,14,0,0,14,0,0,14,0,-1,213,0,-2,397,0,-3,399,0,3,401,0,2,214,0,0,15,0,0,15,0,0,15,0,-1,214,0,-2,400,0,-3,402,0,3,404,0,2,215,0,0,16,0,0,16,0,0,16,0,-1,215,0,-2,403,0,-3,405,0,3,407,0,2,216,0,0,17,0,0,17,0,0,17,0,-1,216,0,-2,406,0,-3,408,0,3,410,0,2,217,0,0,18,0,0,18,0,0,18,0,-1,217,0,-2,409,0,-3,411,0,3,413,0,2,218,0,0,19,0,0,19,0,0,19,0,-1,218,0,-2,412,0,-3,414,0,3,416,0,2,219,0,0,20,0,0,20,0,0,20,0,-1,219,0,-2,415,0,-3,417,0,3,419,0,2,220,0,0,21,0,0,21,0,0,21,0,-1,220,0,-2,418,0,-3,420,0,3,422,0,2,221,0,0,22,0,0,22,0,0,22,0,-1,221,0,-2,421,0,-3,423,0,3,425,0,2,222,0,0,23,0,0,23,0,0,23,0,-1,222,0,-2,424,0,-3,426,0,3,455,0,2,146,0,0,24,0,0,24,0,-1,146,0,-2,249,0,-3,250,0,-4,251,0,3,456,0,2,147,0,0,25,0,0,25,0,-1,147,0,-2,252,0,-3,253,0,-4,254,0,0,26,0,-1,150,0,-2,42,0,-4,208,0,3,256,0,2,152,0,0,27,0,0,27,0,-1,152,0,-2,255,0,-3,257,0,3,271,0,2,158,0,0,28,0,0,28,0,-1,158,0,-2,270,0,-3,272,0,3,274,0,2,159,0,0,29,0,0,29,0,-1,159,0,-2,273,0,-3,275,0,3,277,0,2,160,0,0,30,0,0,30,0,-1,160,0,-2,276,0,-3,278,0,3,280,0,2,161,0,0,31,0,0,31,0,-1,161,0,-2,279,0,-3,281,0,3,283,0,2,162,0,0,32,0,0,32,0,-1,162,0,-2,282,0,-3,284,0,0,33,0,0,33,0,-1,69,0,-2,70,0,-3,71,0,0,34,0,0,34,0,0,34,0,-1,72,0,-2,73,0,0,35,0,0,35,0,-1,188,0,-2,189,0,0,36,0,0,36,0,-1,193,0,-2,194,0,0,37,0,0,37,0,0,37,0,-1,38,0,-2,39,0,3,361,0,2,197,0,0,38,0,-1,197,0,-2,360,0,-3,362,0,3,364,0,2,198,0,0,39,0,-1,198,0,-2,363,0,-3,365,0,3,395,0,2,210,0,0,40,0,0,40,0,-1,210,0,-2,394,0,-3,396,0,0,41,0,0,41,0,2,41,0,0,41,0,0,42,0,0,42,0,0,42,0,-1,114,0,3,259,0,2,153,0,0,43,0,-1,153,0,-2,258,0,-3,260,0,3,262,0,2,154,0,0,44,0,-1,154,0,-2,261,0,-3,263,0,3,265,0,2,155,0,0,45,0,-1,155,0,-2,264,0,-3,266,0,3,268,0,2,156,0,0,46,0,-1,156,0,-2,267,0,-3,269,0,0,47,0,0,47,0,-1,285,0,-2,117,0,0,48,0,-1,286,0,-2,287,0,0,49,0,0,49,0,-1,288,0,-2,118,0,0,50,0,-1,289,0,-2,290,0,0,51,0,0,51,0,-1,291,0,-2,119,0,0,52,0,-1,292,0,-2,293,0,0,53,0,0,53,0,-1,294,0,-2,120,0,0,54,0,-1,295,0,-2,296,0,3,299,0,2,168,0,0,55,0,-1,168,0,-2,298,0,-3,300,0,3,302,0,2,169,0,0,56,0,-1,169,0,-2,301,0,-3,303,0,3,305,0,2,170,0,0,57,0,-1,170,0,-2,304,0,-3,306,0,3,308,0,2,171,0,0,58,0,-1,171,0,-2,307,0,-3,309,0,3,311,0,2,172,0,0,59,0,-1,172,0,-2,310,0,-3,312,0,3,314,0,2,173,0,0,60,0,-1,173,0,-2,313,0,-3,315,0,3,317,0,2,174,0,0,61,0,-1,174,0,-2,316,0,-3,318,0,3,320,0,2,175,0,0,62,0,-1,175,0,-2,319,0,-3,321,0,3,323,0,2,176,0,0,63,0,-1,176,0,-2,322,0,-3,324,0,3,326,0,2,177,0,0,64,0,-1,177,0,-2,325,0,-3,327,0,3,330,0,2,178,0,0,65,0,-1,178,0,-2,329,0,-3,331,0,3,333,0,2,179,0,0,66,0,-1,179,0,-2,332,0,-3,334,0,3,336,0,2,180,0,0,67,0,-1,180,0,-2,335,0,-3,337,0,0,68,0,-1,338,0,-2,339,0,3,342,0,2,183,0,0,69,0,-1,183,0,-2,341,0,-3,343,0,3,345,0,2,184,0,0,70,0,-1,184,0,-2,344,0,-3,346,0,3,348,0,2,185,0,0,71,0,-1,185,0,-2,347,0,-3,349,0,3,352,0,2,186,0,0,72,0,-1,186,0,-2,351,0,-3,353,0,3,355,0,2,187,0,0,73,0,-1,187,0,-2,354,0,-3,356,0,0,74,0,0,74,0,-2,190,0,0,75,0,-1,358,0,-2,191,0,-3,128,0,0,76,0,0,76,0,-2,195,0,0,77,0,0,77,0,-1,78,0,-2,79,0,3,368,0,2,199,0,0,78,0,-1,199,0,-2,367,0,-3,369,0,3,371,0,2,200,0,0,79,0,-1,200,0,-2,370,0,-3,372,0,3,374,0,2,202,0,0,80,0,-1,202,0,-2,373,0,-3,375,0,3,377,0,2,203,0,0,81,0,-1,203,0,-2,376,0,-3,378,0,3,380,0,2,204,0,0,82,0,-1,204,0,-2,379,0,-3,381,0,0,83,0,-1,84,0,-2,209,0,0,84,0,2,84,0,0,84,0,-1,392,0,0,85,0,0,85,0,-1,211,0,0,86,0,2,86,0,0,86,0,0,86,0,2,87,0,0,87,0,-1,427,0,-2,223,0,2,88,0,0,88,0,-1,428,0,-2,224,0,2,89,0,0,89,0,-1,429,0,-2,225,0,2,90,0,0,90,0,-1,430,0,-2,226,0,2,91,0,0,91,0,-1,431,0,-2,227,0,2,92,0,0,92,0,-1,434,0,-2,228,0,2,93,0,0,93,0,-1,435,0,-2,229,0,2,94,0,0,94,0,-1,436,0,-2,230,0,2,95,0,0,95,0,-1,437,0,-2,231,0,2,96,0,0,96,0,-1,438,0,-2,232,0,2,97,0,0,97,0,-1,439,0,-2,233,0,2,98,0,0,98,0,-1,440,0,-2,234,0,2,99,0,0,99,0,-1,441,0,-2,235,0,2,100,0,0,100,0,-1,442,0,-2,236,0,2,101,0,0,101,0,-1,443,0,-2,237,0,2,102,0,0,102,0,-1,444,0,-2,238,0,2,103,0,0,103,0,-1,445,0,-2,239,0,2,104,0,0,104,0,-1,446,0,-2,240,0,2,105,0,0,105,0,-1,447,0,-2,241,0,2,106,0,0,106,0,-1,448,0,-2,242,0,2,107,0,0,107,0,-1,449,0,-2,243,0,2,108,0,0,108,0,-1,450,0,-2,244,0,2,109,0,0,109,0,-1,451,0,-2,245,0,2,110,0,0,110,0,-1,452,0,-2,246,0,2,111,0,0,111,0,-1,453,0,-2,247,0,2,112,0,0,112,0,-1,454,0,-2,248,0,0,113,0,0,113,0,-1,145,0,0,114,0,0,114,0,0,115,0,-1,151,0,0,116,0,-1,157,0,0,117,0,-2,164,0,0,118,0,-2,165,0,0,119,0,-2,166,0,0,120,0,-2,167,0,0,121,0,-1,297,0,0,122,0,-1,328,0,0,123,0,-1,181,0,-2,124,0,0,124,0,-2,182,0,0,125,0,-1,340,0,0,126,0,-1,350,0,0,127,0,-1,357,0,0,128,0,2,128,0,0,128,0,0,129,0,-1,359,0,0,130,0,-1,196,0,0,131,0,-1,366,0,0,132,0,-1,201,0,3,384,0,2,134,0,0,133,0,-1,134,0,-2,205,0,0,134,0,-1,382,0,3,387,0,2,136,0,0,135,0,-1,136,0,-2,206,0,0,136,0,-1,385,0,3,390,0,2,138,0,0,137,0,-1,138,0,-2,207,0,0,138,0,-1,388,0,0,139,0,-1,140,0,2,140,0,0,140,0,0,140,0,2,141,0,0,141,0,-1,432,0,2,142,0,0,142,0,-1,433,0,0,143,0,-1,144,0,2,144,0,0,144,0,0,144,0,2,145,0,0,145,0,0,145,0,0,146,0,0,146,0,0,147,0,0,147,0,0,148,0,0,148,0,0,149,0,0,149,0,0,150,0,0,150,0,0,151,0,0,151,0,0,152,0,0,153,0,0,154,0,0,155,0,0,156,0,0,157,0,0,157,0,0,158,0,0,159,0,0,160,0,0,161,0,0,162,0,0,163,0,0,163,0,0,164,0,0,164,0,0,165,0,0,165,0,0,166,0,0,166,0,0,167,0,0,167,0,0,168,0,0,169,0,0,170,0,0,171,0,0,172,0,0,173,0,0,174,0,0,175,0,0,176,0,0,177,0,0,178,0,0,179,0,0,180,0,0,181,0,0,181,0,0,182,0,0,182,0,0,183,0,0,184,0,0,185,0,0,186,0,0,187,0,0,188,0,0,188,0,0,189,0,0,189,0,0,190,0,0,190,0,0,191,0,-1,192,0,0,192,0,0,192,0,0,193,0,0,193,0,0,194,0,0,194,0,0,195,0,0,195,0,0,196,0,0,196,0,0,197,0,0,198,0,0,199,0,0,200,0,0,201,0,0,201,0,0,202,0,0,203,0,0,204,0,-1,384,0,-1,383,0,-1,387,0,-1,386,0,-1,390,0,-1,389,0,-1,391,0,0,208,0,0,209,0,0,209,0,0,210,0,0,211,0,0,211,0,0,212,0,0,212,0,0,213,0,0,214,0,0,215,0,0,216,0,0,217,0,0,218,0,0,219,0,0,220,0,0,221,0,0,222,0,0,223,0,0,223,0,0,224,0,0,224,0,0,225,0,0,225,0,0,226,0,0,226,0,0,227,0,0,227,0,0,228,0,0,228,0,0,229,0,0,229,0,0,230,0,0,230,0,0,231,0,0,231,0,0,232,0,0,232,0,0,233,0,0,233,0,0,234,0,0,234,0,0,235,0,0,235,0,0,236,0,0,236,0,0,237,0,0,237,0,0,238,0,0,238,0,0,239,0,0,239,0,0,240,0,0,240,0,0,241,0,0,241,0,0,242,0,0,242,0,0,243,0,0,243,0,0,244,0,0,244,0,0,245,0,0,245,0,0,246,0,0,246,0,0,247,0,0,247,0,0,248,0,0,248,0,-1,455,0,0,249,0,0,250,0,0,250,0,0,251,0,0,251,0,-1,456,0,0,252,0,0,253,0,0,253,0,0,254,0,0,254,0,-1,256,0,0,257,0,-1,259,0,0,260,0,-1,262,0,0,263,0,-1,265,0,0,266,0,-1,268,0,0,269,0,-1,271,0,0,272,0,-1,274,0,0,275,0,-1,277,0,0,278,0,-1,280,0,0,281,0,-1,283,0,0,284,0,0,285,0,0,286,0,0,287,0,0,288,0,0,289,0,0,290,0,0,291,0,0,292,0,0,293,0,0,294,0,0,295,0,0,296,0,0,297,0,-1,299,0,0,300,0,-1,302,0,0,303,0,-1,305,0,0,306,0,-1,308,0,0,309,0,-1,311,0,0,312,0,-1,314,0,0,315,0,-1,317,0,0,318,0,-1,320,0,0,321,0,-1,323,0,0,324,0,-1,326,0,0,327,0,0,328,0,-1,330,0,0,331,0,-1,333,0,0,334,0,-1,336,0,0,337,0,0,338,0,0,339,0,0,340,0,-1,342,0,0,343,0,-1,345,0,0,346,0,-1,348,0,0,349,0,0,350,0,-1,352,0,0,353,0,-1,355,0,0,356,0,0,357,0,0,358,0,0,359,0,-1,361,0,0,362,0,-1,364,0,0,365,0,0,366,0,-1,368,0,0,369,0,-1,371,0,0,372,0,-1,374,0,0,375,0,-1,377,0,0,378,0,-1,380,0,0,381,0,0,382,0,0,383,0,0,385,0,0,386,0,0,388,0,0,389,0,-1,393,0,-1,395,0,0,396,0,-1,398,0,0,399,0,-1,401,0,0,402,0,-1,404,0,0,405,0,-1,407,0,0,408,0,-1,410,0,0,411,0,-1,413,0,0,414,0,-1,416,0,0,417,0,-1,419,0,0,420,0,-1,422,0,0,423,0,-1,425,0,0,426,0,0,427,0,0,428,0,0,429,0,0,430,0,0,431,0,0,432,0,0,433,0,0,434,0,0,435,0,0,436,0,0,437,0,0,438,0,0,439,0,0,440,0,0,441,0,0,442,0,0,443,0,0,444,0,0,445,0,0,446,0,0,447,0,0,448,0,0,449,0,0,450,0,0,451,0,0,452,0,0,453,0,0,454,0,19,1,2,4,143,3,4,114,4,4,85,5,4,121,6,4,139,7,4,115,8,4,116,9,4,113,11,4,122,12,4,132,13,4,26,33,4,125,34,4,126,35,4,74,36,4,76,37,4,130,40,4,83,48,4,117,50,4,118,52,4,119,54,4,120,68,4,124,74,4,127,76,4,129,77,4,131,1067],[0,0,0,0,0,0,0,0,0,0,0,0,0,0,0,0,0,0,0,0,0,0,0,0,0,0,0,0,0,0,0,0,0,0,0,0,0,0,0,0,0,0,0,0,0,0,0,0,0,0,0,0,0,0,0,0,0,0,0,0,0,0,0,0,0,0,0,0,0,0,0,0,0,0,0,0,0,0,0,0,0,0,0,0,0,0,0,0,0,0,0,0,0,0,0,0,0,0,0,0,0,0,0,0,0,0,0,0,0,0,0,0,0,0,0,0,0,0,0,0,0,0,0,0,0,0,0,0,0,0,0,0,0,0,0,0,0,0,0,0,0,0,0,0,0,0,0,0,0,0,0,0,0,0,0,0,0,0,0,0,0,0,0,0,0,0,0,0,0,0,0,0,0,0,0,0,0,0,0,0,0,0,0,0,0,0,0,0,0,0,0,0,0,0,0,0,0,0,0,0,0,0,0,0,0,0,0,0,0,0,0,0,0,0,0,0,0,0,0,0,0,0,0,0,0,0,0,0,0,0,0,0,0,0,0,0,0,0,0,0,0,0,0,0,0,0,0,0,0,0,0,0,0,0,0,0,0,0,0,0,0,0,0,0,0,0,0,0,0,0,0,0,0,0,0,0,0,0,0,0,0,0,0,0,0,0,0,0,0,0,0,0,0,0,0,0,0,0,0,0,0,0,0,0,0,0,0,0,0,0,0,0,0,0,0,0,0,0,0,0,0,0,0,0,0,0,0,0,0,0,0,0,0,0,0,0,0,0,0,0,0,0,0,0,0,0,0,0,0,0,0,0,0,0,0,0,0,0,0,0,0,0,0,0,0,0,0,0,0,0,0,0,0,0,0,0,0,0,0,0,0,256,259,262,265,268,271,274,277,280,283,299,302,305,308,311,314,317,320,323,326,330,333,336,342,345,348,352,355,361,364,368,371,374,377,380,384,387,390,398,401,404,407,410,413,416,419,422,425,455,456],[-1,1,-1,1,-1,1,-1,1,-1,-1,1,-1,-1,-1,1,-1,-1,1,-1,-1,1,-1,-1,1,-1,-1,-1,1,-1,-1,-1,1,-1,-1,1,-1,-1,1,-1,-1,1,-1,-1,-1,1,-1,1,-1,1,-1,-1,1,-1,1,-1,1,-1,-1,1,-1,1,-1,1,-1,-1,1,-1,1,-1,1,-1,-1,-1,1,-1,-1,-1,1,-1,-1,-1,1,-1,-1,1,-1,-1,1,-1,-1,1,-1,-1,1,-1,-1,1,-1,-1,1,-1,-1,1,-1,-1,-1,1,-1,-1,-1,1,-1,-1,1,-1,-1,1,-1,1,-1,1,-1,-1,-1,1,-1,-1,-1,1,-1,-1,1,-1,-1,-1,1,-1,-1,-1,1,-1,-1,-1,1,-1,1,-1,1,-1,-1,-1,-1,1,-1,1,5,6,7,8,-1,-1,1,-1,1,-1,1,-1,-1,-1,1,-1,-1,-1,1,-1,-1,-1,1,-1,-1,1,-1,-1,-1,1,-1,-1,-1,1,-1,-1,1,-1,-1,-1,-1,1,-1,1,-1,1,-1,-1,1,-1,1,1,-1,1,-1,1,1,-1,-1,-1,1,-1,1,-1,1,-1,-1,1,-1,-1,-1,1,-1,-1,-1,1,-1,-1,-1,1,-1,-1,-1,1,-1,-1,-1,1,-1,-1,-1,1,-1,-1,-1,1,-1,-1,-1,1,-1,-1,-1,1,-1,-1,-1,1,5,6,7,8,-1,1,5,6,7,8,-1,-1,1,-1,-1,1,-1,-1,1,-1,-1,1,-1,-1,1,-1,-1,-1,1,5,6,7,8,-1,-1,1,-1,-1,1,-1,-1,1,-1,-1,1,-1,-1,1,-1,-1,1,-1,-1,1,-1,-1,1,-1,-1,1,-1,-1,1,-1,-1,1,-1,-1,1,-1,-1,1,-1,-1,1,-1,-1,1,-1,-1,1,-1,-1,1,-1,-1,1,-1,-1,1,-1,-1,1,-1,-1,1,-1,1,5,6,7,8,-1,1,-1,-1,-1,1,-1,1,-1,-1,-1,1,-1,1,-1,1,1,1,1,1,1,1,1,1,1,1,1,1,1,1,1,1,1,1,1,1,1,1,1,1,1,1,1,1,1,1,1,1,1,1,1,1,1,1,1,1,1,1,1,1,1,1,1,1,1,1],[0,17,0,18,0,19,0,16,0,0,1,0,0,0,1,0,0,1,0,0,1,0,0,1,0,0,0,1,0,0,0,1,0,0,1,0,0,1,0,0,1,0,0,0,7,0,8,0,9,0,0,7,0,8,0,9,0,0,7,0,8,0,9,0,0,7,0,8,0,9,0,0,0,1,0,0,0,1,0,0,0,1,0,0,1,0,0,1,0,0,1,0,0,1,0,0,1,0,0,1,0,0,1,0,0,0,1,0,0,0,1,0,0,1,0,0,7,0,8,0,9,0,0,0,1,0,0,0,1,0,0,1,0,0,0,1,0,0,0,1,0,0,0,7,0,8,0,9,0,0,0,0,12,0,20,10,4,4,11,0,0,7,0,8,0,9,0,0,0,1,0,0,0,1,0,0,0,1,0,0,1,0,0,0,1,0,0,0,1,0,0,1,0,0,0,0,21,0,13,0,22,0,0,23,0,13,24,0,25,0,13,26,0,0,0,27,0,28,0,12,0,0,5,0,0,0,5,0,0,0,5,0,0,0,5,0,0,0,5,0,0,0,5,0,0,0,5,0,0,0,5,0,0,0,5,0,0,0,5,0,0,0,29,10,4,4,11,0,16,10,4,4,11,0,0,3,0,0,3,0,0,3,0,0,3,0,0,3,0,0,0,12,10,4,4,11,0,0,3,0,0,3,0,0,3,0,0,3,0,0,3,0,0,3,0,0,3,0,0,3,0,0,3,0,0,3,0,0,3,0,0,3,0,0,3,0,0,3,0,0,3,0,0,3,0,0,3,0,0,3,0,0,3,0,0,3,0,0,3,0,12,10,4,4,11,0,1,0,0,0,3,0,1,0,0,0,3,0,30,0,31,2,2,2,2,2,2,2,2,2,2,2,2,2,2,2,2,2,2,2,2,2,2,2,2,2,2,2,2,2,2,2,2,2,2,2,14,14,14,6,6,6,6,6,6,6,6,6,6,2,2]]]]