[1,["126c15002","30574UVB9JiIH9f8y3fQRh","caGQr8yWlFwYi4YFHAnjR8"],["node","_spriteFrame","_textureSetter","root","btnNode","content","time","title","_N$target","data"],[["cc.Sprite",["_sizeMode","_type","node","_spriteFrame"],1,1,6],["cc.Widget",["_alignFlags","alignMode","_left","_right","_originalWidth","_wasAlignOnce","node"],-3,1],["cc.Node",["_name","_zIndex","_active","_components","_prefab","_contentSize","_trs","_children","_parent","_anchorPoint"],0,9,4,5,7,2,1,5],["cc.Node",["_name","_zIndex","_parent","_components","_prefab","_contentSize","_anchorPoint","_trs","_color"],1,1,12,4,5,5,7,5],["cc.Label",["_string","_fontSize","_N$horizontalAlign","_N$verticalAlign","_srcBlendFactor","node"],-2,1],"cc.SpriteFrame",["cc.Prefab",["_name"],2],["6e8a324QwxDv5JANkQnuyfr",["node","title","time","content","btnNode"],3,1,1,1,1,1],["cc.PrefabInfo",["fileId","root"],2,1],["cc.Button",["node","clickEvents","_N$normalColor","_N$target"],3,1,9,5,1],["cc.ClickEvent",["component","handler","target"],1,1]],[[8,0,1,2],[1,1,0,2,6,4],[2,0,1,8,3,4,5,6,3],[4,4,0,1,2,3,5,6],[3,0,1,2,3,4,8,5,6,7,3],[6,0,2],[2,0,1,7,3,4,5,9,6,3],[2,0,2,1,8,7,3,4,5,6,4],[3,0,1,2,3,4,5,6,7,3],[0,1,0,2,3,3],[0,0,2,2],[0,2,1],[0,2,3,1],[1,1,0,2,3,4,6,6],[1,0,3,5,6,4],[1,1,0,6,3],[7,0,1,2,3,4,1],[9,0,1,2,3,1],[10,0,1,2,3],[4,0,1,2,3,5,5]],[[[{"name":"bg_qy_wdxx_lbtb","rect":[289,670,42,37],"offset":[-0.5,0],"originalSize":[45,39],"capInsets":[0,0,0,0]}],[5],0,[0],[2],[0]],[[[5,"MyMsgListItem"],[6,"MyMsgListItem",0,[-9,-10,-11,-12,-13,-14],[[9,1,0,-2,1],[13,0,40,4,4,640,-3],[16,-8,-7,-6,-5,-4]],[0,"74SBd+z4lGso4Bstk1x9PH",-1],[5,712,140],[0,0.5,1],[360,0,0,0,0,0,1,1,1,1]],[7,"btn",false,0,1,[-19],[[10,0,-15],[14,34,8,{},-16],[17,-18,[[18,"MyMsgListItem","onclicked",1]],[4,4292269782],-17]],[0,"d1qRbNNvdEO5kTNZkO5V/0",1],[5,150,60],[273,-70,0,0,0,0,1,1,1,1]],[8,"New Label",0,1,[[-20,[1,0,8,70,-21]],1,4],[0,"f0Ii9z9edPFIwmsEBKCEUa",1],[5,96,40],[0,0,0.5],[-286,-26,0,0,0,0,1,1,1,1]],[4,"New Label",0,1,[[-22,[1,0,8,25,-23]],1,4],[0,"6fMOMrgxRK2aVN4WVYjWdL",1],[4,4284823860],[5,144,40],[0,0,0.5],[-331,-67,0,0,0,0,1,1,1,1]],[4,"New Label",0,1,[[-24,[1,0,8,26,-25]],1,4],[0,"42Z7ojx39DcbJFlyCp1kJ4",1],[4,4284823860],[5,139.41,40],[0,0,0.5],[-330,-108,0,0,0,0,1,1,1,1]],[2,"bg_wd_dikuang_shen3",0,1,[[11,-26],[15,0,4,-27]],[0,"2cF1tE/jZJ+JGE08ZwXxHd",1],[5,580,2],[0,-139,0,0,0,0,1,1,1,1]],[2,"bg_qy_wdxx_lbtb",0,1,[[12,-28,0],[1,0,8,19,-29]],[0,"20+inU8VxPU6CbKBw1lzbv",1],[5,42,37],[-316,-26,0,0,0,0,1,1,1,1]],[3,1,"系统消息",24,1,1,3],[3,1,"恭喜您，获得",24,1,1,4],[3,1,"2018年6月3日",22,1,1,5],[2,"New Label",0,2,[[19,"点击领取",26,1,1,-30]],[0,"7b7/URLltGNaXDEliwyb4J",1],[5,104,40],[0,3,0,0,0,0,1,1,1,1]]],0,[0,3,1,0,0,1,0,0,1,0,4,2,0,5,9,0,6,10,0,7,8,0,0,1,0,-1,3,0,-2,4,0,-3,5,0,-4,6,0,-5,7,0,-6,2,0,0,2,0,0,2,0,8,2,0,0,2,0,-1,11,0,-1,8,0,0,3,0,-1,9,0,0,4,0,-1,10,0,0,5,0,0,6,0,0,6,0,0,7,0,0,7,0,0,11,0,9,1,30],[0,0],[1,1],[1,2]]]]