[1,["a6nCliTGtInaFB27HFZBMV","6fDSYYS1xDP5J+rSOECndz","24pD1kw1lNUYAeKy7hkdJQ","1d7c846ac"],["node","_spriteFrame","root","image","leftNode","rightNode","data","_textureSetter"],[["cc.Node",["_name","_zIndex","_active","_components","_prefab","_children","_parent","_contentSize","_anchorPoint","_trs","_color"],0,9,4,2,1,5,5,7,5],["cc.Sprite",["_type","_sizeMode","node","_spriteFrame"],1,1,6],"cc.SpriteFrame",["cc.Prefab",["_name"],2],["cc.Node",["_name","_active","_zIndex","_parent","_components","_prefab","_contentSize"],0,1,2,4,5],["c3c82aSMldHQYrWiJVnamnx",["node","rightNode","leftNode","image"],3,1,1,1,1],["cc.PrefabInfo",["fileId","root"],2,1],["cc.Layout",["_resize","_N$paddingLeft","_N$paddingRight","_N$paddingTop","_N$paddingBottom","node","_layoutSize"],-2,1,5],["cc.Label",["_srcBlendFactor","_string","_fontSize","_lineHeight","_N$horizontalAlign","_N$verticalAlign","node"],-3,1]],[[6,0,1,2],[0,0,2,1,6,5,3,4,7,8,9,4],[0,0,1,6,3,4,10,7,8,9,3],[1,0,1,2,3,3],[7,0,1,2,3,4,5,6,6],[8,0,1,2,3,4,5,6,7],[3,0,2],[0,0,1,5,3,4,3],[4,0,1,2,3,4,5,6,4],[5,0,1,2,3,1],[1,2,1]],[[[[6,"ReveiceMessageItem"],[7,"ReveiceMessageItem",0,[-6,-7,-8],[[9,-5,-4,-3,-2]],[0,"28Vs5yfoRIy5Jq3vBBOI9d",-1]],[1,"right",false,0,1,[-11],[[3,1,0,-9,0],[4,1,20,10,10,15,-10,[5,360,53]]],[0,"d8089zPrJOP7s32DdQPTRs",1],[5,360,53],[0,0.13,0.51],[92,30,0,0,0,0,1,1,1,1]],[1,"left",false,0,1,[-14],[[3,1,0,-12,1],[4,1,10,20,10,15,-13,[5,360,53]]],[0,"e19gJ0z+pHGLWW6NGh5AYQ",1],[5,360,53],[0,1.02,0.51],[-42,30,0,0,0,0,1,1,1,1]],[8,"img",false,0,1,[-15],[0,"60D1A0ZxlL0aZvHqX2PynT",1],[5,105,99]],[10,4],[2,"New Label",0,2,[[5,1,"怎么又断线了，网络怎么这么差啊",22,28,1,1,-16]],[0,"acVvuRsAZF9rsPHqOSB1O/",1],[4,4284823860],[5,330,28],[0,0,0.5],[-27,1.7999999999999998,0,0,0,0,1,1,1,1]],[2,"New Label",0,3,[[5,1,"怎么又断线了，网络怎么这么差啊",22,28,1,1,-17]],[0,"f9bx8kjM1ApowuVtau1JqV",1],[4,4284823860],[5,330,28],[0,1,0.5],[-27,1.7999999999999998,0,0,0,0,1,1,1,1]]],0,[0,2,1,0,3,5,0,4,3,0,5,2,0,0,1,0,-1,4,0,-2,2,0,-3,3,0,0,2,0,0,2,0,-1,6,0,0,3,0,0,3,0,-1,7,0,-1,5,0,0,6,0,0,7,0,6,1,17],[0,0,5],[1,1,1],[0,1,2]],[[{"name":"bg_p3_kpk","rect":[184,573,88,37],"offset":[0,0],"originalSize":[90,39],"rotated":1,"capInsets":[14,0,20,0]}],[2],0,[0],[7],[3]]]]