[1,["1cb5c11d5","30jKnX4NZIkZyAQ7xM9Ktk","68KU8wgNBDJZ2Uc8P173a3","0dh3/UR8lJYrcPpaN0GrAF","da61+qiJ1PtIpc5++2QpDt"],["node","_spriteFrame","_textureSetter","root","lblScore","icnJuZhang","lblNick","icnHead","icnY","data"],[["cc.Node",["_name","_zIndex","_components","_prefab","_contentSize","_parent","_children","_trs","_anchorPoint"],1,9,4,5,1,2,7,5],["cc.Sprite",["_sizeMode","node","_spriteFrame"],2,1,6],["cc.Node",["_name","_zIndex","_parent","_components","_prefab","_color","_contentSize","_trs","_anchorPoint"],1,1,2,4,5,5,7,5],"cc.SpriteFrame",["cc.Prefab",["_name"],2],["0eb5eMvUYdISaNS01udY+6W",["node","icnY","icnHead","lblNick","icnJuZhang","lblScore","lblColors"],3,1,1,1,1,1,1,12],["cc.PrefabInfo",["fileId","root"],2,1],["cc.Mask",["_type","_N$alphaThreshold","node"],1,1],["cc.Widget",["alignMode","_alignFlags","_left","node"],0,1],["e4fd0BOFW1I5rw3fi0K+ktb",["node"],3,1],["cc.Label",["_srcBlendFactor","_string","_fontSize","_N$horizontalAlign","_N$verticalAlign","node"],-2,1]],[[6,0,1,2],[0,0,1,5,2,3,4,7,3],[1,0,1,2,2],[1,1,2,1],[10,0,1,2,3,4,5,6],[4,0,2],[0,0,1,6,2,3,4,8,3],[0,0,1,5,6,2,3,4,7,3],[0,0,1,5,2,3,4,3],[2,0,1,2,3,4,5,6,8,7,3],[2,0,1,2,3,4,5,6,7,3],[1,0,1,2],[5,0,1,2,3,4,5,6,1],[7,0,1,2,3],[8,0,1,2,3,4],[9,0,1]],[[[{"name":"t_yxzj_jz","rect":[923,967,42,56],"offset":[0,0],"originalSize":[42,56],"rotated":1,"capInsets":[0,0,0,0]}],[3],0,[0],[2],[0]],[[[5,"RecordRankListItem"],[6,"RankListItem",0,[-9,-10,-11,-12,-13,-14],[[2,0,-2,3],[12,-8,-7,-6,-5,-4,-3,[[[4,4279045602],[4,4292502279]],8,8]]],[0,"aaUwnNY5xD4aa+AJOb1nXc",-1],[5,561,76],[0,0.5,1]],[7,"head",0,1,[-17],[[13,1,1,-15],[14,0,8,73,-16]],[0,"cchaJ8QbFHabl1mM1rKeNL",1],[5,60,60],[-177.5,-38,0,0,0,0,1,1,1,1]],[8,"head",0,2,[[11,0,-18],[15,-19]],[0,"d2hkRK62VGE6UCPPq2L+EA",1],[5,60,60]],[1,"tag",0,1,[[3,-20,0]],[0,"22B2Tj52FKcZEfa0ESiHzt",1],[5,58,87],[-243,-39,0,0,0,0,1,1,1,1]],[1,"t_yxzj_jz",0,1,[[3,-21,2]],[0,"5daKFWF4FO9K3SMLPbkZ4t",1],[5,42,56],[73,-37,0,0,0,0,1,1,1,1]],[1,"bg_txk_hs",0,1,[[2,0,-22,1]],[0,"622CXEDC1CM5N5atwwLUpr",1],[5,62,62],[-177.5,-38,0,0,0,0,1,1,1,1]],[9,"nick",0,1,[-23],[0,"b6pW3P7xhD56BjvWudDCeG",1],[4,4285151794],[5,140,40],[0,0,0.5],[-120,-38,0,0,0,0,1,1,1,1]],[4,1,"天天打豆豆",28,1,1,7],[10,"score",0,1,[-24],[0,"f7b4GSqdJC1LEWV5DmXep9",1],[4,4279045602],[5,15.57,40],[194,-38,0,0,0,0,1,1,1,1]],[4,1,"6",28,1,1,9]],0,[0,3,1,0,0,1,0,4,10,0,5,5,0,6,8,0,7,3,0,8,4,0,0,1,0,-1,4,0,-2,2,0,-3,6,0,-4,7,0,-5,9,0,-6,5,0,0,2,0,0,2,0,-1,3,0,0,3,0,0,3,0,0,4,0,0,5,0,0,6,0,-1,8,0,-1,10,0,9,1,24],[0,0,0,0],[1,1,1,1],[1,2,3,4]]]]