[1,["1da4d3328","6cRtKbjeZA8ZlFuOxYWjff","01J63FJJZDaIDEINyF3f9n","362oskdhlEpKQAwSc3wt7Z","85X80tX4lEWpAqBd3SvFkM","88jwDN4+NJhpN6yTaiCGtd","fbmVYOAsxNu6WNcSk4gGRg","11cbedeb1","12d157e9d"],["node","_spriteFrame","_textureSetter","_N$target","_parent","root","yinyueNode","shengxiaoNode","data"],[["cc.Node",["_name","_zIndex","_active","_opacity","_prefab","_contentSize","_components","_parent","_trs","_children","_color"],-1,4,5,9,1,7,2,5],"cc.SpriteFrame",["cc.Sprite",["_sizeMode","_type","node","_spriteFrame"],1,1,6],["cc.ClickEvent",["component","handler","customEventData","target"],0,1],["cc.Prefab",["_name"],2],["aa4773y7OtNypsIVaL0FADO",["node","shengxiaoNode","yinyueNode"],3,1,1,1],["cc.Widget",["alignMode","_alignFlags","_originalWidth","_originalHeight","node"],-1,1],["cc.BlockInputEvents",["node"],3,1],["cc.PrefabInfo",["fileId","root"],2,1],["cc.Button",["node","clickEvents","_N$normalColor","_N$target"],3,1,9,5,1]],[[8,0,1,2],[2,2,3,1],[0,0,1,9,6,4,5,8,3],[0,0,1,7,6,4,5,8,3],[9,0,1,2,3,1],[0,0,1,7,6,4,5,3],[0,0,1,7,9,4,5,8,3],[7,0,1],[3,0,1,2,3,4],[4,0,2],[0,0,3,1,7,6,4,10,5,4],[0,0,2,1,7,6,4,5,8,4],[0,0,2,1,7,6,4,5,4],[5,0,1,2,1],[6,0,1,2,3,4,5],[3,0,1,3,3],[2,0,2,3,2],[2,1,2,3,2]],[[[{"name":"bg_ddz_sz_k","rect":[365,365,109,41],"offset":[-0.5,2],"originalSize":[118,47],"capInsets":[0,0,0,0]}],[1],0,[0],[2],[0]],[[[9,"SetUpView"],[2,"SetUpView",0,[-7,-8,-9,-10,-11,-12],[[13,-4,-3,-2],[14,0,45,861,541,-5],[7,-6]],[0,"bfRiN03SVNQ5gKrHHQBQ8C",-1],[5,720,1280],[360,640,0,0,0,0,1,1,1,1]],[2,"yuyinOnOff",0,[-15,-16],[[4,-14,[[8,"SetUpView","onOnOffBtn","yinyue",1]],[4,4292269782],-13]],[0,"5aMo7EocpLYpKzhxhql5pj",1],[5,109,50],[5,-3,0,0,0,0,1,1,1,1]],[2,"shengxiaoOnOff",0,[-19,-20],[[4,-18,[[8,"SetUpView","onOnOffBtn","shengxiao",1]],[4,4292269782],-17]],[0,"c2xixT+3BFIbQuwee7j6yX",1],[5,109,50],[12,0,0,0,0,0,1,1,1,1]],[3,"close_button",0,1,[[1,-21,2],[4,-23,[[15,"SetUpView","closeClick",1]],[4,4292269782],-22]],[0,"c8ymymWJFMrZCLCmNT/cPQ",1],[5,56,56],[263,166,0,0,0,0,1,1,1,1]],[10,"New Sprite(Splash)",100,0,1,[[16,0,-24,0],[7,-25]],[0,"c7tHlfg4RGbqp7mMfdEQVD",1],[4,4278190080],[5,2400,2400]],[5,"popup_bg",0,1,[[17,1,-26,1]],[0,"f81xbI3UBDKqAcUtYm9CgC",1],[5,558,358]],[6,"yuyin",0,1,[2],[0,"6bbrPAwOZAUZxz14nKYCVZ",1],[5,196,127.5],[-112,-27,0,0,0,0,1,1,1,1]],[3,"normal",0,2,[[1,-27,3]],[0,"fal/qMg1xA9b8A2jmfouuo",1],[5,109,41],[0,1,0,0,0,0,1,1,1,1]],[11,"selected",false,0,2,[[1,-28,4]],[0,"bdH2nOZGNN3IDK8rGKohpV",1],[5,109,41],[0,1,0,0,0,0,1,1,1,1]],[6,"shengxiao",0,1,[3],[0,"11IAjdbbdNxLq8d+sPW1GR",1],[5,196,127.5],[158.9,-28.3,0,0,0,0,1,1,1,1]],[12,"normal",false,0,3,[[1,-29,5]],[0,"062qO8Fa1AB6aTwtgG8Rrz",1],[5,109,41]],[5,"selected",0,3,[[1,-30,6]],[0,"67+npaNKlMiYrLqxc+1olg",1],[5,109,41]],[3,"font_ddz_sz_z",0,1,[[1,-31,7]],[0,"ec5lxVmz1DX4MwGkFn5cfU",1],[5,337,91],[-58,3,0,0,0,0,1,1,1,1]]],0,[0,5,1,0,6,2,0,7,3,0,0,1,0,0,1,0,0,1,0,-1,5,0,-2,6,0,-3,4,0,-4,7,0,-5,10,0,-6,13,0,3,2,0,0,2,0,-1,8,0,-2,9,0,3,3,0,0,3,0,-1,11,0,-2,12,0,0,4,0,3,4,0,0,4,0,0,5,0,0,5,0,0,6,0,0,8,0,0,9,0,0,11,0,0,12,0,0,13,0,8,1,2,4,7,3,4,10,31],[0,0,0,0,0,0,0,0],[1,1,1,1,1,1,1,1],[3,4,5,1,2,1,2,6]],[[{"name":"bg_ddz_sz_g","rect":[480,365,109,41],"offset":[-0.5,2],"originalSize":[118,47],"rotated":1,"capInsets":[0,0,0,0]}],[1],0,[0],[2],[0]],[[{"name":"bg_sz_ddz","rect":[3,565,556,356],"offset":[0,0],"originalSize":[558,358],"capInsets":[0,0,0,0]}],[1],0,[0],[2],[0]],[[{"name":"bt_p3_gb","rect":[441,203,56,56],"offset":[-0.5,0.5],"originalSize":[61,61],"capInsets":[0,0,0,0]}],[1],0,[0],[2],[7]],[[{"name":"font_ddz_sz_z","rect":[3,3,337,91],"offset":[0,0],"originalSize":[337,91],"rotated":1,"capInsets":[0,0,0,0]}],[1],0,[0],[2],[8]]]]