[1,["26KmCtkSlDgpWX3Kc2NeVJ","dfPpuhuldB8o0B/o0qsI+L","4eOzk41RFCW7TmgZD47aiv","f1R7DyykVFm7b2Emtp/jW+","54dG8/nkJLo5B1kRc/wLqW","1d2df14f1"],["node","_spriteFrame","root","data","_textureSetter"],[["cc.Node",["_name","_zIndex","_active","_components","_prefab","_contentSize","_parent","_trs","_children","_anchorPoint","_eulerAngles"],0,9,4,5,1,7,2,5,5],"cc.SpriteFrame",["cc.Prefab",["_name"],2],["4ba1dqQ5U1KI4pbziFCqaDN",["node"],3,1],["cc.PrefabInfo",["fileId","root"],2,1],["cc.Sprite",["node","_spriteFrame"],3,1,6]],[[4,0,1,2],[5,0,1,1],[0,0,1,6,8,3,4,5,7,3],[0,0,1,6,3,4,5,7,10,3],[0,0,1,6,3,4,5,3],[0,0,2,1,6,3,4,5,4],[0,0,2,1,6,3,4,5,7,4],[2,0,2],[0,0,1,8,3,4,5,9,3],[3,0,1]],[[[[7,"leftPenggang"],[8,"leftPenggang",0,[-3,-4,-5,-6],[[9,-2]],[0,"5c8bFupD5NGrncrgOXpzc/",-1],[5,48,98],[0,0.5,1]],[2,"pai2",0,1,[-8,-9,-10,-11],[[1,-7,7]],[0,"8flPnROXJDhbUSSeVKZxpa",1],[5,48,43],[0,-54.9,0,0,0,0,1,1,1,1]],[2,"pai4",0,1,[-13,-14,-15,-16],[[1,-12,15]],[0,"d7XtWjkdhAia59CLZyMRxA",1],[5,48,43],[0,-41.9,0,0,0,0,1,1,1,1]],[2,"pai1",0,1,[-18,-19],[[1,-17,2]],[0,"50X4cUGjpMcZyVOrIu1SoJ",1],[5,48,43],[0,-21.9,0,0,0,0,1,1,1,1]],[2,"pai3",0,1,[-21,-22],[[1,-20,10]],[0,"71Or3CmDNJOqSUmlOZTot1",1],[5,48,43],[0,-87.9,0,0,0,0,1,1,1,1]],[3,"value",0,4,[[1,-23,0]],[0,"9emLcQmnxMAJezOijzEB3e",1],[5,64,83],[0,7,0,0,0,0,1,0.4,0.42,1],[1,0,0,-90]],[4,"bg_img",0,4,[[1,-24,1]],[0,"dc/a4+wtVJlaXbMYMdedPV",1],[5,48,43]],[3,"value",0,2,[[1,-25,3]],[0,"9cfdnV/mtDvavXYsOqMlAD",1],[5,64,83],[0,7,0,0,0,0,1,0.4,0.42,1],[1,0,0,-90]],[4,"bg_img",0,2,[[1,-26,4]],[0,"bcA9hR0AdERKqyHyw1t8t1",1],[5,48,43]],[5,"ma_hui",false,0,2,[[1,-27,5]],[0,"8fwKwEeANIc5xFvoDtmz5I",1],[5,48,43]],[6,"t_mj_jtxsj",false,0,2,[[1,-28,6]],[0,"ceEO2QVQdFSYiP+AOCMlrz",1],[5,18,27],[22.1,5.6,0,0,0,0,1,1,1,1]],[3,"value",0,5,[[1,-29,8]],[0,"96UAGwVNlNIpKA3OR5T1di",1],[5,64,83],[0,7,0,0,0,0,1,0.4,0.42,1],[1,0,0,-90]],[4,"bg_img",0,5,[[1,-30,9]],[0,"caiY9yMtBPAqmg1jMs/a3u",1],[5,48,43]],[3,"value",0,3,[[1,-31,11]],[0,"71V0w8AwZOm6U9Y2ucwxsB",1],[5,64,83],[0,7,0,0,0,0,1,0.4,0.42,1],[1,0,0,-90]],[4,"bg_img",0,3,[[1,-32,12]],[0,"81k3f5GBVD+bkPoI38HfX1",1],[5,48,43]],[5,"ma_hui",false,0,3,[[1,-33,13]],[0,"90NtAdAk1Gbb9Z7+LfW57S",1],[5,48,43]],[6,"t_mj_jtxsj",false,0,3,[[1,-34,14]],[0,"a7hgWn0VROzqybyuzgvd3P",1],[5,18,27],[22.1,5.6,0,0,0,0,1,1,1,1]]],0,[0,2,1,0,0,1,0,-1,4,0,-2,2,0,-3,5,0,-4,3,0,0,2,0,-1,8,0,-2,9,0,-3,10,0,-4,11,0,0,3,0,-1,14,0,-2,15,0,-3,16,0,-4,17,0,0,4,0,-1,6,0,-2,7,0,0,5,0,-1,12,0,-2,13,0,0,6,0,0,7,0,0,8,0,0,9,0,0,10,0,0,11,0,0,12,0,0,13,0,0,14,0,0,15,0,0,16,0,0,17,0,3,1,34],[0,0,0,0,0,0,0,0,0,0,0,0,0,0,0,0],[1,1,1,1,1,1,1,1,1,1,1,1,1,1,1,1],[0,1,2,0,1,3,4,2,0,1,2,0,1,3,4,2]],[[{"name":"mp_l_bg","rect":[185,767,48,43],"offset":[0,0],"originalSize":[48,43],"capInsets":[0,0,0,0]}],[1],0,[0],[4],[5]]]]