[1,["9cITPJjYdAPo5aT7GjpWSL","d5X3uCs0dAn5LD+I8xurNm","bfKqBnCW5A2YS5Xx5HXWh6","1chcAq9+hFeqH4sGOGG6U6","faToKvAH5BaZqodikV4WKD","0dmsPaGcdOAJrUzbVxajs/","d0Yr3fRZJEJYLDDxnfTa52","b0AqjIYSlI5owjAvXHYPbv","f07F0eLf5J1LdKlvAZ9+RQ","0bqT1bW6pEvacKjJ6i20zw","50YOiasLhLM5zofUIk7CLx","80FengraZB6qB2kQ9MtlhH","afUI61xzZA4Z1bOnoJr0s/","a8YWHs8dBNFrxizIrHw48U","50qQjeVTVK4oMAM8I9uIea","f4cBtYUuFPDb5v5V/zpmry","09eaGIC2xBW6sFTm0Sno5e","c5UOXuYSFL45/EckmaAFIm","dbtBWxSgVMz53/A/Blb7+f","2doCWP5l9DkbpFXwcLtwm5","dffnwDwXpP7qYig0R9RAE0","a09Nyb2mNHL6ugDMFEy88Z","e0ae8UH5hCCKatizgBbRVz","9bTD+WIJBAIaO3zBDKAOJA","0bOUAxK75P9qvrrZRlkL3c","b0t4LvtIZOrKXjb1Ypd+Ib","bdkyo9sfxNVbrgeIzm6nnE","ae+JnFGoFJvZfl2q7rZaxr","76xVxmAflIY6Yon/rDV1TU","3396G8xBhBM4N/Sr1oSX6z","6b7UCIwCBBvJC7OlKBMLkc","56jXlAgctF/ZWzuaQdIzKE","0atyeYJA1L9Joq8ocCGGcb","d8+nO5aDlEIqYDVL7ONLpW","89BzaXoE5EnIceU3dHtGig","34EC4Nh85AfrMBNNcrvZ6K","61Bf+XsWVDyqYDV834Byxv","8desGFtcNH3bTS5I1LOW0O","c1rGqoKThIEJFP5l5LXhLL","cd3+S7dkBNHYHfA/7cBhKI","d1DTC3sbBBE49MiCqN7fs7","e1yDhLyjlL3Ko0hvXerxm2","78h3RxCfFGb4ZTfDS3awo2","24tJ+MGZFNnJZXLl3EJbyh","05kGSPgMBJHpSn91TcVHph","b1tjovRdRKLaAOTslCJnUc","e190c9wXZGSb+QZjN/yl/f","5b5pDtH0tEG6MnjEZkJuZv","86pyI/fepHBoYRps059yCR","4c9cg1od9MRLFlxxWdMmg6","efIW5T7SBObbnnfABeulBU","e7+tPjHadPeoDfpockgh3R","92q4sNC2pNwY/X04g2JQv1","28u9SFDvBCIZhwj5iX3aCZ","edb2ULQoNEKY9poGHPWlVU"],["_textureSetter","fp_1","fp_10","fp_11","fp_12","fp_13","fp_2","fp_3","fp_4","fp_5","fp_6","fp_7","fp_8","fp_9","hot_1","hot_10","hot_11","hot_12","hot_13","hot_2","hot_3","hot_4","hot_5","hot_6","hot_7","hot_8","hot_9","ht_1","ht_10","ht_11","ht_12","ht_13","ht_2","ht_3","ht_4","ht_5","ht_6","ht_7","ht_8","ht_9","mh_1","mh_10","mh_11","mh_12","mh_13","mh_2","mh_3","mh_4","mh_5","mh_6","mh_7","mh_8","mh_9","poker_1","poker_2"],["cc.SpriteFrame",["cc.SpriteAtlas",["_name","_spriteFrames"],2,11]],[[1,0,1,2]],[[[{"name":"mh_13","rect":[380,857,124,169],"offset":[0,0],"originalSize":[124,169],"capInsets":[0,0,0,0]}],[0],0,[0],[0],[0]],[[{"name":"hot_11","rect":[884,173,124,169],"offset":[0,0],"originalSize":[124,169],"capInsets":[0,0,0,0]}],[0],0,[0],[0],[0]],[[{"name":"ht_2","rect":[884,515,124,169],"offset":[0,0],"originalSize":[124,169],"capInsets":[0,0,0,0]}],[0],0,[0],[0],[0]],[[{"name":"hot_7","rect":[884,344,124,169],"offset":[0,0],"originalSize":[124,169],"capInsets":[0,0,0,0]}],[0],0,[0],[0],[0]],[[{"name":"fp_5","rect":[2,173,124,169],"offset":[0,0],"originalSize":[124,169],"capInsets":[0,0,0,0]}],[0],0,[0],[0],[0]],[[{"name":"fp_13","rect":[506,2,124,169],"offset":[0,0],"originalSize":[124,169],"capInsets":[0,0,0,0]}],[0],0,[0],[0],[0]],[[{"name":"fp_11","rect":[254,2,124,169],"offset":[0,0],"originalSize":[124,169],"capInsets":[0,0,0,0]}],[0],0,[0],[0],[0]],[[{"name":"mh_12","rect":[254,857,124,169],"offset":[0,0],"originalSize":[124,169],"capInsets":[0,0,0,0]}],[0],0,[0],[0],[0]],[[{"name":"poker_1","rect":[506,1028,124,169],"offset":[0,0],"originalSize":[124,169],"capInsets":[0,0,0,0]}],[0],0,[0],[0],[0]],[[{"name":"hot_2","rect":[254,344,124,169],"offset":[0,0],"originalSize":[124,169],"capInsets":[0,0,0,0]}],[0],0,[0],[0],[0]],[[{"name":"ht_11","rect":[506,515,124,169],"offset":[0,0],"originalSize":[124,169],"capInsets":[0,0,0,0]}],[0],0,[0],[0],[0]],[[{"name":"ht_5","rect":[254,686,124,169],"offset":[0,0],"originalSize":[124,169],"capInsets":[0,0,0,0]}],[0],0,[0],[0],[0]],[[[0,"pokers.plist",[{},"fp_1",6,0,"fp_10",6,1,"fp_11",6,2,"fp_12",6,3,"fp_13",6,4,"fp_2",6,5,"fp_3",6,6,"fp_4",6,7,"fp_5",6,8,"fp_6",6,9,"fp_7",6,10,"fp_8",6,11,"fp_9",6,12,"hot_1",6,13,"hot_10",6,14,"hot_11",6,15,"hot_12",6,16,"hot_13",6,17,"hot_2",6,18,"hot_3",6,19,"hot_4",6,20,"hot_5",6,21,"hot_6",6,22,"hot_7",6,23,"hot_8",6,24,"hot_9",6,25,"ht_1",6,26,"ht_10",6,27,"ht_11",6,28,"ht_12",6,29,"ht_13",6,30,"ht_2",6,31,"ht_3",6,32,"ht_4",6,33,"ht_5",6,34,"ht_6",6,35,"ht_7",6,36,"ht_8",6,37,"ht_9",6,38,"mh_1",6,39,"mh_10",6,40,"mh_11",6,41,"mh_12",6,42,"mh_13",6,43,"mh_2",6,44,"mh_3",6,45,"mh_4",6,46,"mh_5",6,47,"mh_6",6,48,"mh_7",6,49,"mh_8",6,50,"mh_9",6,51,"poker_1",6,52,"poker_2",6,53]]],0,0,[0,0,0,0,0,0,0,0,0,0,0,0,0,0,0,0,0,0,0,0,0,0,0,0,0,0,0,0,0,0,0,0,0,0,0,0,0,0,0,0,0,0,0,0,0,0,0,0,0,0,0,0,0,0],[1,2,3,4,5,6,7,8,9,10,11,12,13,14,15,16,17,18,19,20,21,22,23,24,25,26,27,28,29,30,31,32,33,34,35,36,37,38,39,40,41,42,43,44,45,46,47,48,49,50,51,52,53,54],[1,2,3,4,5,6,7,8,9,10,11,12,13,14,15,16,17,18,19,20,21,22,23,24,25,26,27,28,29,30,31,32,33,34,35,36,37,38,39,40,41,42,43,44,45,46,47,48,49,50,51,52,53,54]],[[{"name":"mh_6","rect":[2,1028,124,169],"offset":[0,0],"originalSize":[124,169],"capInsets":[0,0,0,0]}],[0],0,[0],[0],[0]],[[{"name":"fp_6","rect":[128,173,124,169],"offset":[0,0],"originalSize":[124,169],"capInsets":[0,0,0,0]}],[0],0,[0],[0],[0]],[[{"name":"hot_1","rect":[632,173,124,169],"offset":[0,0],"originalSize":[124,169],"capInsets":[0,0,0,0]}],[0],0,[0],[0],[0]],[[{"name":"ht_13","rect":[758,515,124,169],"offset":[0,0],"originalSize":[124,169],"capInsets":[0,0,0,0]}],[0],0,[0],[0],[0]],[[{"name":"mh_4","rect":[758,857,124,169],"offset":[0,0],"originalSize":[124,169],"capInsets":[0,0,0,0]}],[0],0,[0],[0],[0]],[[{"name":"ht_6","rect":[380,686,124,169],"offset":[0,0],"originalSize":[124,169],"capInsets":[0,0,0,0]}],[0],0,[0],[0],[0]],[[{"name":"ht_12","rect":[632,515,124,169],"offset":[0,0],"originalSize":[124,169],"capInsets":[0,0,0,0]}],[0],0,[0],[0],[0]],[[{"name":"ht_10","rect":[380,515,124,169],"offset":[0,0],"originalSize":[124,169],"capInsets":[0,0,0,0]}],[0],0,[0],[0],[0]],[[{"name":"mh_11","rect":[128,857,124,169],"offset":[0,0],"originalSize":[124,169],"capInsets":[0,0,0,0]}],[0],0,[0],[0],[0]],[[{"name":"fp_7","rect":[254,173,124,169],"offset":[0,0],"originalSize":[124,169],"capInsets":[0,0,0,0]}],[0],0,[0],[0],[0]],[[{"name":"mh_5","rect":[884,857,124,169],"offset":[0,0],"originalSize":[124,169],"capInsets":[0,0,0,0]}],[0],0,[0],[0],[0]],[[{"name":"ht_4","rect":[128,686,124,169],"offset":[0,0],"originalSize":[124,169],"capInsets":[0,0,0,0]}],[0],0,[0],[0],[0]],[[{"name":"ht_7","rect":[506,686,124,169],"offset":[0,0],"originalSize":[124,169],"capInsets":[0,0,0,0]}],[0],0,[0],[0],[0]],[[{"name":"mh_9","rect":[380,1028,124,169],"offset":[0,0],"originalSize":[124,169],"capInsets":[0,0,0,0]}],[0],0,[0],[0],[0]],[[{"name":"hot_6","rect":[758,344,124,169],"offset":[0,0],"originalSize":[124,169],"capInsets":[0,0,0,0]}],[0],0,[0],[0],[0]],[[{"name":"hot_4","rect":[506,344,124,169],"offset":[0,0],"originalSize":[124,169],"capInsets":[0,0,0,0]}],[0],0,[0],[0],[0]],[[{"name":"fp_9","rect":[506,173,124,169],"offset":[0,0],"originalSize":[124,169],"capInsets":[0,0,0,0]}],[0],0,[0],[0],[0]],[[{"name":"ht_1","rect":[254,515,124,169],"offset":[0,0],"originalSize":[124,169],"capInsets":[0,0,0,0]}],[0],0,[0],[0],[0]],[[{"name":"fp_8","rect":[380,173,124,169],"offset":[0,0],"originalSize":[124,169],"capInsets":[0,0,0,0]}],[0],0,[0],[0],[0]],[[{"name":"fp_3","rect":[758,2,124,169],"offset":[0,0],"originalSize":[124,169],"capInsets":[0,0,0,0]}],[0],0,[0],[0],[0]],[[{"name":"hot_8","rect":[2,515,124,169],"offset":[0,0],"originalSize":[124,169],"capInsets":[0,0,0,0]}],[0],0,[0],[0],[0]],[[{"name":"mh_2","rect":[506,857,124,169],"offset":[0,0],"originalSize":[124,169],"capInsets":[0,0,0,0]}],[0],0,[0],[0],[0]],[[{"name":"hot_9","rect":[128,515,124,169],"offset":[0,0],"originalSize":[124,169],"capInsets":[0,0,0,0]}],[0],0,[0],[0],[0]],[[{"name":"fp_10","rect":[128,2,124,169],"offset":[0,0],"originalSize":[124,169],"capInsets":[0,0,0,0]}],[0],0,[0],[0],[0]],[[{"name":"ht_8","rect":[632,686,124,169],"offset":[0,0],"originalSize":[124,169],"capInsets":[0,0,0,0]}],[0],0,[0],[0],[0]],[[{"name":"hot_12","rect":[2,344,124,169],"offset":[0,0],"originalSize":[124,169],"capInsets":[0,0,0,0]}],[0],0,[0],[0],[0]],[[{"name":"ht_9","rect":[758,686,124,169],"offset":[0,0],"originalSize":[124,169],"capInsets":[0,0,0,0]}],[0],0,[0],[0],[0]],[[{"name":"fp_2","rect":[632,2,124,169],"offset":[0,0],"originalSize":[124,169],"capInsets":[0,0,0,0]}],[0],0,[0],[0],[0]],[[{"name":"mh_1","rect":[884,686,124,169],"offset":[0,0],"originalSize":[124,169],"capInsets":[0,0,0,0]}],[0],0,[0],[0],[0]],[[{"name":"fp_1","rect":[2,2,124,169],"offset":[0,0],"originalSize":[124,169],"capInsets":[0,0,0,0]}],[0],0,[0],[0],[0]],[[{"name":"ht_3","rect":[2,686,124,169],"offset":[0,0],"originalSize":[124,169],"capInsets":[0,0,0,0]}],[0],0,[0],[0],[0]],[[{"name":"hot_13","rect":[128,344,124,169],"offset":[0,0],"originalSize":[124,169],"capInsets":[0,0,0,0]}],[0],0,[0],[0],[0]],[[{"name":"hot_3","rect":[380,344,124,169],"offset":[0,0],"originalSize":[124,169],"capInsets":[0,0,0,0]}],[0],0,[0],[0],[0]],[[{"name":"hot_5","rect":[632,344,124,169],"offset":[0,0],"originalSize":[124,169],"capInsets":[0,0,0,0]}],[0],0,[0],[0],[0]],[[{"name":"mh_10","rect":[2,857,124,169],"offset":[0,0],"originalSize":[124,169],"capInsets":[0,0,0,0]}],[0],0,[0],[0],[0]],[[{"name":"mh_3","rect":[632,857,124,169],"offset":[0,0],"originalSize":[124,169],"capInsets":[0,0,0,0]}],[0],0,[0],[0],[0]],[[{"name":"mh_8","rect":[254,1028,124,169],"offset":[0,0],"originalSize":[124,169],"capInsets":[0,0,0,0]}],[0],0,[0],[0],[0]],[[{"name":"poker_2","rect":[632,1028,124,169],"offset":[0,0],"originalSize":[124,169],"capInsets":[0,0,0,0]}],[0],0,[0],[0],[0]],[[{"name":"mh_7","rect":[128,1028,124,169],"offset":[0,0],"originalSize":[124,169],"capInsets":[0,0,0,0]}],[0],0,[0],[0],[0]],[[{"name":"fp_4","rect":[884,2,124,169],"offset":[0,0],"originalSize":[124,169],"capInsets":[0,0,0,0]}],[0],0,[0],[0],[0]],[[{"name":"hot_10","rect":[758,173,124,169],"offset":[0,0],"originalSize":[124,169],"capInsets":[0,0,0,0]}],[0],0,[0],[0],[0]],[[{"name":"fp_12","rect":[380,2,124,169],"offset":[0,0],"originalSize":[124,169],"capInsets":[0,0,0,0]}],[0],0,[0],[0],[0]]]]