[1,["43SfrOmpVEAJbN2Gw5n0Ns","01LPU0kGxPCoNh5EsLaNIP","27fpFbJ39B6akGub/UVFfo","46axcM+A5EgIWjkUs59NoJ","d5pvauqAFLL4JRP+ZpzVi0","19cR1TguJK27lme5aKEKxr","79Mrv2DNpBKJ0TIyRdxan4","76nqvgHGNEt5bUX++GXBVH","5djQf/Lg9Ff4ZclFxBkXjQ","c0MdaNeh1Isqq9lXqiuill","146YKoYsRHr5xKVCH0unbM","39n4ES2P1IGKDAyT6IQZdA","dd4zY3WMdB27c2FnJON9D9","4f3JtTzN5NGaRMD0IHLmOQ","6avIWdKh1NC6lJtS2ki6MG","c92byjULZB7ZxIRDstoCiT","a7/q7B2q1Gs4FXouw4xq+P","65nkfHYORKoZ20rP3AzM48","1brVVw18FOGIf51uixYIiA","6bvplsPm9O/ZzDzLN8ZCRM","97i5MKzcRP95mF2SNFsM5Z","05wdL+19BKz7Wwa12g05H3","a6DAjR6vVLTZ738QK9La5D","0c9ruEEgZO4rPmrx72ZrpT","75U4B1+m9NDav/AamnM2oh","10b1unw4pBcpkuDSuIoqZg","d4e0LLKx9A66ut7QiGYjT0","97/e9Vg/BMApq3BLCNJzaB","efFIdrJTpGbKWznRXzgpJP","b43bI6TepDTJ+laxSXIe9h","b4YnjTkp5J1KmdQVDMz8Kq","9dr/sMuZREYYBMKsKp6KPY","d4tnRtXsJCnbaTYVW/PhCS","c28v7P6bxDPInor1+4ntws","73NE2ZGYZFdqo2nEvZHWHE","ba4SWCeRVBcK1p+3oUTVQr","bdgUJ/SqhKyplP6sxprVmW","d3aueOfFBLQpi+4mGMXfYm","86ObygHzRO+qZ5iERq3QSt","7epXlC/C1AR7zv/IprKQn6","badKAiditEQIhecRcJ9jF+","31rMoWVlZHhpLfW4aIwHiD","2bBAUPy9VFD6+cZARl/MnP","6dqlamYbpBtJ+44r8mASZu","2ayj4nDtRP4J1Jbwq5+E3f","90y2GBSaZM1bbAyH9l4+3J","31Y7gjRLFJqaCDJm9jB4Ig","ecDg+/cq9BVLmpX9+/tDYS","7b3y9ibcdPKZ8u1h2ghaWb","8fDP4We2NLxpfsrrF4JfYO","d2lSqvd4JDuZKZ/bMcgWXr","5aFBlkPfBKs44ywFnlu+n9","57VgK5DhFBl6EmlzAnBi0d","39VEdH31JKcaj5wB7J6QiR","ffpxribUtF/J5uiYW7feIU"],["_textureSetter","fp_1","fp_10","fp_11","fp_12","fp_13","fp_2","fp_3","fp_4","fp_5","fp_6","fp_7","fp_8","fp_9","hot_1","hot_10","hot_11","hot_12","hot_13","hot_2","hot_3","hot_4","hot_5","hot_6","hot_7","hot_8","hot_9","ht_1","ht_10","ht_11","ht_12","ht_13","ht_2","ht_3","ht_4","ht_5","ht_6","ht_7","ht_8","ht_9","joker_1","joker_2","mh_1","mh_10","mh_11","mh_12","mh_13","mh_2","mh_3","mh_4","mh_5","mh_6","mh_7","mh_8","mh_9"],["cc.SpriteFrame",["cc.SpriteAtlas",["_name","_spriteFrames"],2,11]],[[1,0,1,2]],[[[{"name":"fp_1","rect":[0,0,130,173],"offset":[0,0],"originalSize":[130,173],"capInsets":[0,0,0,0]}],[0],0,[0],[0],[0]],[[{"name":"hot_4","rect":[260,346,130,173],"offset":[0,0],"originalSize":[130,173],"capInsets":[0,0,0,0]}],[0],0,[0],[0],[0]],[[{"name":"hot_6","rect":[520,346,130,173],"offset":[0,0],"originalSize":[130,173],"capInsets":[0,0,0,0]}],[0],0,[0],[0],[0]],[[{"name":"hot_8","rect":[780,346,130,173],"offset":[0,0],"originalSize":[130,173],"capInsets":[0,0,0,0]}],[0],0,[0],[0],[0]],[[{"name":"fp_6","rect":[650,0,130,173],"offset":[0,0],"originalSize":[130,173],"capInsets":[0,0,0,0]}],[0],0,[0],[0],[0]],[[{"name":"fp_13","rect":[650,173,130,173],"offset":[0,0],"originalSize":[130,173],"capInsets":[0,0,0,0]}],[0],0,[0],[0],[0]],[[{"name":"hot_13","rect":[520,519,130,173],"offset":[0,0],"originalSize":[130,173],"capInsets":[0,0,0,0]}],[0],0,[0],[0],[0]],[[{"name":"fp_10","rect":[260,173,130,173],"offset":[0,0],"originalSize":[130,173],"capInsets":[0,0,0,0]}],[0],0,[0],[0],[0]],[[{"name":"mh_11","rect":[260,1211,130,173],"offset":[0,0],"originalSize":[130,173],"capInsets":[0,0,0,0]}],[0],0,[0],[0],[0]],[[{"name":"mh_1","rect":[780,865,130,173],"offset":[0,0],"originalSize":[130,173],"capInsets":[0,0,0,0]}],[0],0,[0],[0],[0]],[[[0,"poker_b.plist",[{},"fp_1",6,0,"fp_10",6,1,"fp_11",6,2,"fp_12",6,3,"fp_13",6,4,"fp_2",6,5,"fp_3",6,6,"fp_4",6,7,"fp_5",6,8,"fp_6",6,9,"fp_7",6,10,"fp_8",6,11,"fp_9",6,12,"hot_1",6,13,"hot_10",6,14,"hot_11",6,15,"hot_12",6,16,"hot_13",6,17,"hot_2",6,18,"hot_3",6,19,"hot_4",6,20,"hot_5",6,21,"hot_6",6,22,"hot_7",6,23,"hot_8",6,24,"hot_9",6,25,"ht_1",6,26,"ht_10",6,27,"ht_11",6,28,"ht_12",6,29,"ht_13",6,30,"ht_2",6,31,"ht_3",6,32,"ht_4",6,33,"ht_5",6,34,"ht_6",6,35,"ht_7",6,36,"ht_8",6,37,"ht_9",6,38,"joker_1",6,39,"joker_2",6,40,"mh_1",6,41,"mh_10",6,42,"mh_11",6,43,"mh_12",6,44,"mh_13",6,45,"mh_2",6,46,"mh_3",6,47,"mh_4",6,48,"mh_5",6,49,"mh_6",6,50,"mh_7",6,51,"mh_8",6,52,"mh_9",6,53]]],0,0,[0,0,0,0,0,0,0,0,0,0,0,0,0,0,0,0,0,0,0,0,0,0,0,0,0,0,0,0,0,0,0,0,0,0,0,0,0,0,0,0,0,0,0,0,0,0,0,0,0,0,0,0,0,0],[1,2,3,4,5,6,7,8,9,10,11,12,13,14,15,16,17,18,19,20,21,22,23,24,25,26,27,28,29,30,31,32,33,34,35,36,37,38,39,40,41,42,43,44,45,46,47,48,49,50,51,52,53,54],[1,2,3,4,5,6,7,8,9,10,11,12,13,14,15,16,17,18,19,20,21,22,23,24,25,26,27,28,29,30,31,32,33,34,35,36,37,38,39,40,41,42,43,44,45,46,47,48,49,50,51,52,53,54]],[[{"name":"mh_13","rect":[520,1211,130,173],"offset":[0,0],"originalSize":[130,173],"capInsets":[0,0,0,0]}],[0],0,[0],[0],[0]],[[{"name":"joker_2","rect":[650,865,130,173],"offset":[0,0],"originalSize":[130,173],"capInsets":[0,0,0,0]}],[0],0,[0],[0],[0]],[[{"name":"mh_8","rect":[780,1038,130,173],"offset":[0,0],"originalSize":[130,173],"capInsets":[0,0,0,0]}],[0],0,[0],[0],[0]],[[{"name":"fp_7","rect":[780,0,130,173],"offset":[0,0],"originalSize":[130,173],"capInsets":[0,0,0,0]}],[0],0,[0],[0],[0]],[[{"name":"fp_11","rect":[390,173,130,173],"offset":[0,0],"originalSize":[130,173],"capInsets":[0,0,0,0]}],[0],0,[0],[0],[0]],[[{"name":"fp_9","rect":[130,173,130,173],"offset":[0,0],"originalSize":[130,173],"capInsets":[0,0,0,0]}],[0],0,[0],[0],[0]],[[{"name":"mh_7","rect":[650,1038,130,173],"offset":[0,0],"originalSize":[130,173],"capInsets":[0,0,0,0]}],[0],0,[0],[0],[0]],[[{"name":"mh_6","rect":[520,1038,130,173],"offset":[0,0],"originalSize":[130,173],"capInsets":[0,0,0,0]}],[0],0,[0],[0],[0]],[[{"name":"fp_4","rect":[390,0,130,173],"offset":[0,0],"originalSize":[130,173],"capInsets":[0,0,0,0]}],[0],0,[0],[0],[0]],[[{"name":"hot_12","rect":[390,519,130,173],"offset":[0,0],"originalSize":[130,173],"capInsets":[0,0,0,0]}],[0],0,[0],[0],[0]],[[{"name":"hot_1","rect":[780,173,130,173],"offset":[0,0],"originalSize":[130,173],"capInsets":[0,0,0,0]}],[0],0,[0],[0],[0]],[[{"name":"hot_2","rect":[0,346,130,173],"offset":[0,0],"originalSize":[130,173],"capInsets":[0,0,0,0]}],[0],0,[0],[0],[0]],[[{"name":"mh_10","rect":[130,1211,130,173],"offset":[0,0],"originalSize":[130,173],"capInsets":[0,0,0,0]}],[0],0,[0],[0],[0]],[[{"name":"ht_4","rect":[130,692,130,173],"offset":[0,0],"originalSize":[130,173],"capInsets":[0,0,0,0]}],[0],0,[0],[0],[0]],[[{"name":"hot_7","rect":[650,346,130,173],"offset":[0,0],"originalSize":[130,173],"capInsets":[0,0,0,0]}],[0],0,[0],[0],[0]],[[{"name":"fp_3","rect":[260,0,130,173],"offset":[0,0],"originalSize":[130,173],"capInsets":[0,0,0,0]}],[0],0,[0],[0],[0]],[[{"name":"fp_2","rect":[130,0,130,173],"offset":[0,0],"originalSize":[130,173],"capInsets":[0,0,0,0]}],[0],0,[0],[0],[0]],[[{"name":"mh_3","rect":[130,1038,130,173],"offset":[0,0],"originalSize":[130,173],"capInsets":[0,0,0,0]}],[0],0,[0],[0],[0]],[[{"name":"ht_9","rect":[780,692,130,173],"offset":[0,0],"originalSize":[130,173],"capInsets":[0,0,0,0]}],[0],0,[0],[0],[0]],[[{"name":"ht_8","rect":[650,692,130,173],"offset":[0,0],"originalSize":[130,173],"capInsets":[0,0,0,0]}],[0],0,[0],[0],[0]],[[{"name":"mh_4","rect":[260,1038,130,173],"offset":[0,0],"originalSize":[130,173],"capInsets":[0,0,0,0]}],[0],0,[0],[0],[0]],[[{"name":"mh_12","rect":[390,1211,130,173],"offset":[0,0],"originalSize":[130,173],"capInsets":[0,0,0,0]}],[0],0,[0],[0],[0]],[[{"name":"hot_3","rect":[130,346,130,173],"offset":[0,0],"originalSize":[130,173],"capInsets":[0,0,0,0]}],[0],0,[0],[0],[0]],[[{"name":"ht_1","rect":[650,519,130,173],"offset":[0,0],"originalSize":[130,173],"capInsets":[0,0,0,0]}],[0],0,[0],[0],[0]],[[{"name":"ht_13","rect":[390,865,130,173],"offset":[0,0],"originalSize":[130,173],"capInsets":[0,0,0,0]}],[0],0,[0],[0],[0]],[[{"name":"hot_5","rect":[390,346,130,173],"offset":[0,0],"originalSize":[130,173],"capInsets":[0,0,0,0]}],[0],0,[0],[0],[0]],[[{"name":"hot_11","rect":[260,519,130,173],"offset":[0,0],"originalSize":[130,173],"capInsets":[0,0,0,0]}],[0],0,[0],[0],[0]],[[{"name":"ht_12","rect":[260,865,130,173],"offset":[0,0],"originalSize":[130,173],"capInsets":[0,0,0,0]}],[0],0,[0],[0],[0]],[[{"name":"ht_11","rect":[130,865,130,173],"offset":[0,0],"originalSize":[130,173],"capInsets":[0,0,0,0]}],[0],0,[0],[0],[0]],[[{"name":"joker_1","rect":[520,865,130,173],"offset":[0,0],"originalSize":[130,173],"capInsets":[0,0,0,0]}],[0],0,[0],[0],[0]],[[{"name":"ht_5","rect":[260,692,130,173],"offset":[0,0],"originalSize":[130,173],"capInsets":[0,0,0,0]}],[0],0,[0],[0],[0]],[[{"name":"ht_6","rect":[390,692,130,173],"offset":[0,0],"originalSize":[130,173],"capInsets":[0,0,0,0]}],[0],0,[0],[0],[0]],[[{"name":"fp_5","rect":[520,0,130,173],"offset":[0,0],"originalSize":[130,173],"capInsets":[0,0,0,0]}],[0],0,[0],[0],[0]],[[{"name":"ht_3","rect":[0,692,130,173],"offset":[0,0],"originalSize":[130,173],"capInsets":[0,0,0,0]}],[0],0,[0],[0],[0]],[[{"name":"hot_10","rect":[130,519,130,173],"offset":[0,0],"originalSize":[130,173],"capInsets":[0,0,0,0]}],[0],0,[0],[0],[0]],[[{"name":"mh_5","rect":[390,1038,130,173],"offset":[0,0],"originalSize":[130,173],"capInsets":[0,0,0,0]}],[0],0,[0],[0],[0]],[[{"name":"ht_7","rect":[520,692,130,173],"offset":[0,0],"originalSize":[130,173],"capInsets":[0,0,0,0]}],[0],0,[0],[0],[0]],[[{"name":"hot_9","rect":[0,519,130,173],"offset":[0,0],"originalSize":[130,173],"capInsets":[0,0,0,0]}],[0],0,[0],[0],[0]],[[{"name":"ht_2","rect":[780,519,130,173],"offset":[0,0],"originalSize":[130,173],"capInsets":[0,0,0,0]}],[0],0,[0],[0],[0]],[[{"name":"fp_12","rect":[520,173,130,173],"offset":[0,0],"originalSize":[130,173],"capInsets":[0,0,0,0]}],[0],0,[0],[0],[0]],[[{"name":"fp_8","rect":[0,173,130,173],"offset":[0,0],"originalSize":[130,173],"capInsets":[0,0,0,0]}],[0],0,[0],[0],[0]],[[{"name":"mh_2","rect":[0,1038,130,173],"offset":[0,0],"originalSize":[130,173],"capInsets":[0,0,0,0]}],[0],0,[0],[0],[0]],[[{"name":"ht_10","rect":[0,865,130,173],"offset":[0,0],"originalSize":[130,173],"capInsets":[0,0,0,0]}],[0],0,[0],[0],[0]],[[{"name":"mh_9","rect":[0,1211,130,173],"offset":[0,0],"originalSize":[130,173],"capInsets":[0,0,0,0]}],[0],0,[0],[0],[0]]]]