[1,["29IwhL0HNN96gqea6yDVYQ","71+VFNbelKZK3YQhNc14q1","09wg9qF3BC7J8ODvakAlNY","d9bXd3J1tMX4TCOnp+FjAn","f7l8FEmFdLLabpDrF+8ph6","51CLW4OTdBB6dqIXY7ndgU","6dJ/u2yfpBJYIfErxI7zvT","0eSs/v16JLApTqOw10vn5m","1c0D64QV5Kgqiu1u7A9nj5","b8WL8VN5dND6REkXeDvwdm","c594hyuSxEcbHK7BpbxVak","8aiAwUIAxP263fOZzdUcGq","c9nP2XwzZCLZaYs1meI+C9","f6PzHYLM9N0acD0pnVMuvZ","1ciR2V9ahOjqUMBySc86lT","78rF50UM5OooVUyUbKsSbv","2cayh+bBtP65hYwNNMx0xX","68JxuFcVpLuK8H1dmE6m4L","a5DKCTRS9CupbjdhZxER3j","291MPYt6RHvIt0rtp990J6","12FJ1SFtVKAY+9bQxJWhea","f04QwxTXdH+p7u45zMr2wN","cdd/Oo2zhF9InyRNyrm6eG","28mCLKUgFB45QvvrxnZSlE","a7Or8ucH5EIaFN8WqtK7Ru","1dM3P7bNRJ5a3OFRaQSmg+","63NpMpA0VKl4jskUrMch86","a7T6oIaWdBerEImwWPME8W","4aI1hDOotAwYpvPjxTPb0+","89FyA3KQBPQIzPlQTpyYvb"],["_textureSetter","t_ba","t_ban","t_da","t_dui","t_er","t_fen","t_hua","t_huang","t_jiu","t_liu","t_long","t_qi","t_qing","t_quan","t_san","t_se","t_shi","t_shun","t_si","t_tao","t_tian","t_tiao","t_tong","t_wu","t_xia","t_xiao","t_yi","t_zi","t_zu"],["cc.SpriteFrame",["cc.SpriteAtlas",["_name","_spriteFrames"],2,11]],[[1,0,1,2]],[[[{"name":"t_ban","rect":[142,437,134,108],"offset":[0,0],"originalSize":[134,108],"capInsets":[0,0,0,0]}],[0],0,[0],[0],[0]],[[{"name":"t_hua","rect":[285,223,137,108],"offset":[0,0],"originalSize":[137,108],"capInsets":[0,0,0,0]}],[0],0,[0],[0],[0]],[[{"name":"t_tao","rect":[147,112,141,109],"offset":[0,0],"originalSize":[141,109],"capInsets":[0,0,0,0]}],[0],0,[0],[0],[0]],[[{"name":"t_quan","rect":[414,542,125,95],"offset":[0,0],"originalSize":[125,95],"rotated":1,"capInsets":[0,0,0,0]}],[0],0,[0],[0],[0]],[[{"name":"t_huang","rect":[145,223,138,108],"offset":[0,0],"originalSize":[138,108],"capInsets":[0,0,0,0]}],[0],0,[0],[0],[0]],[[{"name":"t_xia","rect":[273,650,131,107],"offset":[0,0],"originalSize":[131,107],"capInsets":[0,0,0,0]}],[0],0,[0],[0],[0]],[[{"name":"t_tong","rect":[290,113,138,108],"offset":[0,0],"originalSize":[138,108],"capInsets":[0,0,0,0]}],[0],0,[0],[0],[0]],[[{"name":"t_si","rect":[281,434,136,106],"offset":[0,0],"originalSize":[136,106],"capInsets":[0,0,0,0]}],[0],0,[0],[0],[0]],[[{"name":"t_se","rect":[399,791,129,108],"offset":[0,0],"originalSize":[129,108],"rotated":1,"capInsets":[0,0,0,0]}],[0],0,[0],[0],[0]],[[{"name":"t_zi","rect":[134,766,129,107],"offset":[0,0],"originalSize":[129,107],"capInsets":[0,0,0,0]}],[0],0,[0],[0],[0]],[[{"name":"t_er","rect":[281,333,137,99],"offset":[0,0],"originalSize":[137,99],"capInsets":[0,0,0,0]}],[0],0,[0],[0],[0]],[[{"name":"t_xiao","rect":[2,922,106,95],"offset":[0,0],"originalSize":[106,95],"capInsets":[0,0,0,0]}],[0],0,[0],[0],[0]],[[{"name":"t_shi","rect":[268,759,129,108],"offset":[0,0],"originalSize":[129,108],"capInsets":[0,0,0,0]}],[0],0,[0],[0],[0]],[[{"name":"t_fen","rect":[2,330,138,108],"offset":[0,0],"originalSize":[138,108],"capInsets":[0,0,0,0]}],[0],0,[0],[0],[0]],[[{"name":"t_ba","rect":[2,660,130,107],"offset":[0,0],"originalSize":[130,107],"capInsets":[0,0,0,0]}],[0],0,[0],[0],[0]],[[[0,"ssstszi.plist",[{},"t_ba",6,0,"t_ban",6,1,"t_da",6,2,"t_dui",6,3,"t_er",6,4,"t_fen",6,5,"t_hua",6,6,"t_huang",6,7,"t_jiu",6,8,"t_liu",6,9,"t_long",6,10,"t_qi",6,11,"t_qing",6,12,"t_quan",6,13,"t_san",6,14,"t_se",6,15,"t_shi",6,16,"t_shun",6,17,"t_si",6,18,"t_tao",6,19,"t_tian",6,20,"t_tiao",6,21,"t_tong",6,22,"t_wu",6,23,"t_xia",6,24,"t_xiao",6,25,"t_yi",6,26,"t_zi",6,27,"t_zu",6,28]]],0,0,[0,0,0,0,0,0,0,0,0,0,0,0,0,0,0,0,0,0,0,0,0,0,0,0,0,0,0,0,0],[1,2,3,4,5,6,7,8,9,10,11,12,13,14,15,16,17,18,19,20,21,22,23,24,25,26,27,28,29],[1,2,3,4,5,6,7,8,9,10,11,12,13,14,15,16,17,18,19,20,21,22,23,24,25,26,27,28,29]],[[{"name":"t_san","rect":[142,333,137,102],"offset":[0,0],"originalSize":[137,102],"capInsets":[0,0,0,0]}],[0],0,[0],[0],[0]],[[{"name":"t_zu","rect":[2,112,143,108],"offset":[0,0],"originalSize":[143,108],"capInsets":[0,0,0,0]}],[0],0,[0],[0],[0]],[[{"name":"t_long","rect":[138,547,133,108],"offset":[0,0],"originalSize":[133,108],"capInsets":[0,0,0,0]}],[0],0,[0],[0],[0]],[[{"name":"t_shun","rect":[2,2,145,108],"offset":[0,0],"originalSize":[145,108],"capInsets":[0,0,0,0]}],[0],0,[0],[0],[0]],[[{"name":"t_wu","rect":[2,222,141,106],"offset":[0,0],"originalSize":[141,106],"capInsets":[0,0,0,0]}],[0],0,[0],[0],[0]],[[{"name":"t_yi","rect":[442,2,131,37],"offset":[0,1],"originalSize":[137,99],"rotated":1,"capInsets":[0,0,0,0]}],[0],0,[0],[0],[0]],[[{"name":"t_jiu","rect":[2,769,128,108],"offset":[0,0],"originalSize":[128,108],"capInsets":[0,0,0,0]}],[0],0,[0],[0],[0]],[[{"name":"t_liu","rect":[2,440,134,107],"offset":[0,0],"originalSize":[134,107],"capInsets":[0,0,0,0]}],[0],0,[0],[0],[0]],[[{"name":"t_qi","rect":[136,657,130,107],"offset":[0,0],"originalSize":[130,107],"capInsets":[0,0,0,0]}],[0],0,[0],[0],[0]],[[{"name":"t_tiao","rect":[2,549,132,109],"offset":[0,0],"originalSize":[132,109],"capInsets":[0,0,0,0]}],[0],0,[0],[0],[0]],[[{"name":"t_da","rect":[406,669,120,95],"offset":[0,0],"originalSize":[120,95],"rotated":1,"capInsets":[0,0,0,0]}],[0],0,[0],[0],[0]],[[{"name":"t_tian","rect":[278,542,134,106],"offset":[0,0],"originalSize":[134,106],"capInsets":[0,0,0,0]}],[0],0,[0],[0],[0]],[[{"name":"t_qing","rect":[149,2,145,108],"offset":[0,0],"originalSize":[145,108],"capInsets":[0,0,0,0]}],[0],0,[0],[0],[0]],[[{"name":"t_dui","rect":[296,2,144,109],"offset":[0,0],"originalSize":[144,109],"capInsets":[0,0,0,0]}],[0],0,[0],[0],[0]]]]