[1,["a4CPNdYKRH37ID/Y9joCp6","126c15002"],["node","root","time","num","title","data","_spriteFrame","_textureSetter"],[["cc.Node",["_name","_zIndex","_components","_prefab","_contentSize","_trs","_children","_anchorPoint","_parent"],1,9,4,5,7,2,5,1],["cc.Label",["_srcBlendFactor","_string","_fontSize","_N$verticalAlign","_lineHeight","_N$overflow","_N$horizontalAlign","node"],-4,1],"cc.SpriteFrame",["cc.Prefab",["_name"],2],["cc.Node",["_name","_zIndex","_parent","_components","_prefab","_color","_contentSize","_anchorPoint","_trs"],1,1,2,4,5,5,5,7],["b572aHMgrZJ/4iLWb8HP/lf",["node","title","num","time"],3,1,1,1,1],["cc.PrefabInfo",["fileId","root"],2,1],["cc.Sprite",["node","_spriteFrame"],3,1,6],["cc.Widget",["alignMode","_alignFlags","node"],1,1]],[[6,0,1,2],[4,0,1,2,3,4,5,6,7,8,3],[1,0,1,2,6,3,7,6],[3,0,2],[0,0,1,6,2,3,4,7,5,3],[0,0,1,8,2,3,4,5,3],[5,0,1,2,3,1],[7,0,1,1],[8,0,1,2,3],[1,0,1,2,4,3,5,7,7]],[[[[3,"FangKaHBItem"],[4,"FangKaHBItem",0,[-6,-7,-8,-9],[[6,-5,-4,-3,-2]],[0,"e66JP94A5Ji4IxH8zkbP2R",-1],[5,640,110],[0,0.5,1],[0,-50,0,0,0,0,1,1,1,1]],[5,"bg_wd_dikuang_shen3",0,1,[[7,-10,0],[8,0,4,-11]],[0,"23Z9g7O7ZPP4kEC4FnrSlR",1],[5,580,2],[0,-109,0,0,0,0,1,1,1,1]],[1,"New Label",0,1,[-12],[0,"26ez3U5HdLP5buh+xxgjjI",1],[4,4284823860],[5,514,30],[0,0,1],[-295,-8,0,0,0,0,1,1,1,1]],[9,1,"购买房卡",24,30,1,3,3],[1,"New Label",0,1,[-13],[0,"aapjo7W+lBupK5JEgliDIV",1],[4,4284823860],[5,126.74,40],[0,0,0.5],[-295,-90,0,0,0,0,1,1,1,1]],[2,1,"2018年3月1日",20,1,1,5],[1,"New Label",0,1,[-14],[0,"945scBRVRG6Z3IuuDMYe10",1],[4,4284823860],[5,44.1,40],[0,1,0.5],[297,-55,0,0,0,0,1,1,1,1]],[2,1,"+30",26,1,1,7]],0,[0,1,1,0,2,6,0,3,8,0,4,4,0,0,1,0,-1,3,0,-2,5,0,-3,7,0,-4,2,0,0,2,0,0,2,0,-1,4,0,-1,6,0,-1,8,0,5,1,14],[0],[6],[0]],[[{"name":"bg_wd_dikuang_shen3","rect":[270,244,550,2],"offset":[0,0],"originalSize":[580,2],"rotated":1,"capInsets":[0,0,0,0]}],[2],0,[0],[7],[1]]]]