[1,["122f98295","12c66f5ec","55rDX7GDtOdr7zurc/jNs7"],["_textureSetter"],["cc.SpriteFrame"],0,[[[{"name":"bg_hdk","rect":[634,205,271,64],"offset":[0,0],"originalSize":[275,64],"rotated":1,"capInsets":[125,0,125,0]}],[0],0,[0],[0],[0]],[[{"name":"bg_txk_hs_1","rect":[798,700,89,89],"offset":[0,0],"originalSize":[89,89],"capInsets":[0,0,0,0]}],[0],0,[0],[0],[0]],[[{"name":"bg_txk_hs_2","rect":[992,3,17,14],"offset":[-1.5,0],"originalSize":[20,18],"capInsets":[0,0,0,0]}],[0],0,[0],[0],[0]],[[{"name":"bg_bipai","rect":[3,755,112,115],"offset":[-0.5,-0.5],"originalSize":[119,120],"rotated":1,"capInsets":[49,49,49,49]}],[0],0,[0],[0],[1]],[[{"name":"poker_on_b","rect":[3,3,124,167],"offset":[0,0],"originalSize":[130,173],"capInsets":[0,0,0,0]}],[0],0,[0],[0],[2]],[[{"name":"t_xian","rect":[963,951,45,45],"offset":[-0.5,0.5],"originalSize":[50,50],"capInsets":[0,0,0,0]}],[0],0,[0],[0],[0]]]]