[1,["d6neTZZfpLGLCtyPLww//0","7cpTQkp8RFSZC8g9t0FPS9","70bZUzC0FKrJMvhZGNDfM0","beHAxRkGJKPql6NaBBSoSU","5bN9YTuCFPEZPx95ss1iQm","f5VhHEynBGiKdfWP13noEU","f7ZNSCpGFM8rdwkdCmvick","6eaMX6IUNALrKpRGAfjS4c","a6xI3Y+cZASoIEe165hISD","cfSBYMgmJG9YbQ1WSa2UYH","46rs9bM0tNBJJ0hYuui3iA","e8CLseT65I1alNewliHni6","45r8DshGlCKrzRCyMzeoMa","c9VxjpaIxCCZCZJKsVuiui","bdZ1fmXQZGCbN2mJUguGmy","39BgxNAKxJ/bAFEEpbq9mR","aeksfsma5EVpYyVq8pKXvS","55H9lTAgJCcbTJlHlJVft4","caSo+EyhVEX5vqq/zhoN47"],["_textureSetter","t_niuji_0","t_niuji_1","t_niuji_10","t_niuji_11","t_niuji_12","t_niuji_13","t_niuji_14","t_niuji_15","t_niuji_16","t_niuji_17","t_niuji_2","t_niuji_3","t_niuji_4","t_niuji_5","t_niuji_6","t_niuji_7","t_niuji_8","t_niuji_9"],["cc.SpriteFrame",["cc.SpriteAtlas",["_name","_spriteFrames"],2,11]],[[1,0,1,2]],[[[{"name":"t_niuji_6","rect":[0,231,179,77],"offset":[0,0],"originalSize":[179,77],"capInsets":[0,0,0,0]}],[0],0,[0],[0],[0]],[[{"name":"t_niuji_3","rect":[179,77,179,77],"offset":[0,0],"originalSize":[179,77],"capInsets":[0,0,0,0]}],[0],0,[0],[0],[0]],[[{"name":"t_niuji_17","rect":[179,616,179,77],"offset":[0,0],"originalSize":[179,77],"capInsets":[0,0,0,0]}],[0],0,[0],[0],[0]],[[{"name":"t_niuji_8","rect":[0,308,179,77],"offset":[0,0],"originalSize":[179,77],"capInsets":[0,0,0,0]}],[0],0,[0],[0],[0]],[[{"name":"t_niuji_11","rect":[179,385,179,77],"offset":[0,0],"originalSize":[179,77],"capInsets":[0,0,0,0]}],[0],0,[0],[0],[0]],[[[0,"CardType.plist",[{},"t_niuji_0",6,0,"t_niuji_1",6,1,"t_niuji_10",6,2,"t_niuji_11",6,3,"t_niuji_12",6,4,"t_niuji_13",6,5,"t_niuji_14",6,6,"t_niuji_15",6,7,"t_niuji_16",6,8,"t_niuji_17",6,9,"t_niuji_2",6,10,"t_niuji_3",6,11,"t_niuji_4",6,12,"t_niuji_5",6,13,"t_niuji_6",6,14,"t_niuji_7",6,15,"t_niuji_8",6,16,"t_niuji_9",6,17]]],0,0,[0,0,0,0,0,0,0,0,0,0,0,0,0,0,0,0,0,0],[1,2,3,4,5,6,7,8,9,10,11,12,13,14,15,16,17,18],[1,2,3,4,5,6,7,8,9,10,11,12,13,14,15,16,17,18]],[[{"name":"t_niuji_14","rect":[0,539,179,77],"offset":[0,0],"originalSize":[179,77],"capInsets":[0,0,0,0]}],[0],0,[0],[0],[0]],[[{"name":"t_niuji_1","rect":[179,0,179,77],"offset":[0,0],"originalSize":[179,77],"capInsets":[0,0,0,0]}],[0],0,[0],[0],[0]],[[{"name":"t_niuji_0","rect":[0,0,179,77],"offset":[0,0],"originalSize":[179,77],"capInsets":[0,0,0,0]}],[0],0,[0],[0],[0]],[[{"name":"t_niuji_15","rect":[179,539,179,77],"offset":[0,0],"originalSize":[179,77],"capInsets":[0,0,0,0]}],[0],0,[0],[0],[0]],[[{"name":"t_niuji_7","rect":[179,231,179,77],"offset":[0,0],"originalSize":[179,77],"capInsets":[0,0,0,0]}],[0],0,[0],[0],[0]],[[{"name":"t_niuji_5","rect":[179,154,179,77],"offset":[0,0],"originalSize":[179,77],"capInsets":[0,0,0,0]}],[0],0,[0],[0],[0]],[[{"name":"t_niuji_10","rect":[0,385,179,77],"offset":[0,0],"originalSize":[179,77],"capInsets":[0,0,0,0]}],[0],0,[0],[0],[0]],[[{"name":"t_niuji_4","rect":[0,154,179,77],"offset":[0,0],"originalSize":[179,77],"capInsets":[0,0,0,0]}],[0],0,[0],[0],[0]],[[{"name":"t_niuji_9","rect":[179,308,179,77],"offset":[0,0],"originalSize":[179,77],"capInsets":[0,0,0,0]}],[0],0,[0],[0],[0]],[[{"name":"t_niuji_16","rect":[0,616,179,77],"offset":[0,0],"originalSize":[179,77],"capInsets":[0,0,0,0]}],[0],0,[0],[0],[0]],[[{"name":"t_niuji_2","rect":[0,77,179,77],"offset":[0,0],"originalSize":[179,77],"capInsets":[0,0,0,0]}],[0],0,[0],[0],[0]],[[{"name":"t_niuji_12","rect":[0,462,179,77],"offset":[0,0],"originalSize":[179,77],"capInsets":[0,0,0,0]}],[0],0,[0],[0],[0]],[[{"name":"t_niuji_13","rect":[179,462,179,77],"offset":[0,0],"originalSize":[179,77],"capInsets":[0,0,0,0]}],[0],0,[0],[0],[0]]]]