[1,["6daKwwBH5K9IGD+enVOb0t","76aVhQsPRDn7cLWAjxzUKT"],["spriteFrame","_textureSetter"],["cc.SpriteFrame",["cc.LabelAtlas",["_name","fontSize","_fntConfig"],0]],[[1,0,1,2,4]],[[[[0,"font_3",32.56,{"commonHeight":37,"fontSize":32,"atlasName":"font_3","fontDefDictionary":{"46":{"xOffset":0,"yOffset":0,"xAdvance":34,"rect":{"x":0,"y":0,"width":34,"height":37}},"47":{"xOffset":0,"yOffset":0,"xAdvance":34,"rect":{"x":34,"y":0,"width":34,"height":37}},"48":{"xOffset":0,"yOffset":0,"xAdvance":34,"rect":{"x":68,"y":0,"width":34,"height":37}},"49":{"xOffset":0,"yOffset":0,"xAdvance":34,"rect":{"x":102,"y":0,"width":34,"height":37}},"50":{"xOffset":0,"yOffset":0,"xAdvance":34,"rect":{"x":136,"y":0,"width":34,"height":37}},"51":{"xOffset":0,"yOffset":0,"xAdvance":34,"rect":{"x":170,"y":0,"width":34,"height":37}},"52":{"xOffset":0,"yOffset":0,"xAdvance":34,"rect":{"x":204,"y":0,"width":34,"height":37}},"53":{"xOffset":0,"yOffset":0,"xAdvance":34,"rect":{"x":238,"y":0,"width":34,"height":37}},"54":{"xOffset":0,"yOffset":0,"xAdvance":34,"rect":{"x":272,"y":0,"width":34,"height":37}},"55":{"xOffset":0,"yOffset":0,"xAdvance":34,"rect":{"x":306,"y":0,"width":34,"height":37}},"56":{"xOffset":0,"yOffset":0,"xAdvance":34,"rect":{"x":340,"y":0,"width":34,"height":37}},"57":{"xOffset":0,"yOffset":0,"xAdvance":34,"rect":{"x":374,"y":0,"width":34,"height":37}}},"kerningDict":{}}]],0,0,[0],[0],[0]],[[{"name":"font_3","rect":[0,0,400,37],"offset":[-4,0],"originalSize":[408,37],"capInsets":[0,0,0,0]}],[0],0,[0],[1],[1]]]]