[1,["546KAv21ND67dGXnMUyxCc","01qjBk/QdKgpDZLxtItcoi"],["_textureSetter","spriteFrame"],["cc.SpriteFrame",["cc.LabelAtlas",["_name","fontSize","_fntConfig"],0]],[[1,0,1,2,4]],[[[{"name":"win","rect":[3,0,436,50],"offset":[1,0],"originalSize":[440,50],"capInsets":[0,0,0,0]}],[0],0,[0],[0],[0]],[[[0,"win",44,{"commonHeight":50,"fontSize":44,"atlasName":"win","fontDefDictionary":{"47":{"xOffset":0,"yOffset":0,"xAdvance":40,"rect":{"x":0,"y":0,"width":40,"height":50}},"48":{"xOffset":0,"yOffset":0,"xAdvance":40,"rect":{"x":40,"y":0,"width":40,"height":50}},"49":{"xOffset":0,"yOffset":0,"xAdvance":40,"rect":{"x":80,"y":0,"width":40,"height":50}},"50":{"xOffset":0,"yOffset":0,"xAdvance":40,"rect":{"x":120,"y":0,"width":40,"height":50}},"51":{"xOffset":0,"yOffset":0,"xAdvance":40,"rect":{"x":160,"y":0,"width":40,"height":50}},"52":{"xOffset":0,"yOffset":0,"xAdvance":40,"rect":{"x":200,"y":0,"width":40,"height":50}},"53":{"xOffset":0,"yOffset":0,"xAdvance":40,"rect":{"x":240,"y":0,"width":40,"height":50}},"54":{"xOffset":0,"yOffset":0,"xAdvance":40,"rect":{"x":280,"y":0,"width":40,"height":50}},"55":{"xOffset":0,"yOffset":0,"xAdvance":40,"rect":{"x":320,"y":0,"width":40,"height":50}},"56":{"xOffset":0,"yOffset":0,"xAdvance":40,"rect":{"x":360,"y":0,"width":40,"height":50}},"57":{"xOffset":0,"yOffset":0,"xAdvance":40,"rect":{"x":400,"y":0,"width":40,"height":50}}},"kerningDict":{}}]],0,0,[0],[1],[1]]]]