[1,["173445c7b","f0XtG2grlAmo91VQ0cquGe","d4LIfrx0hOyJi5JHgRUTeV","6b8uxaViBLJKYyYE5PO7PT","25Yzzpq+xJvKdbPBD0v7Sk"],["node","_spriteFrame","_N$file","_textureSetter","root","labelLose","labelWin","bgLoseNode","bgWinNode","data"],[["cc.Node",["_name","_zIndex","_active","_components","_prefab","_parent","_contentSize","_children","_trs"],0,9,4,1,5,2,7],"cc.SpriteFrame",["cc.Prefab",["_name"],2],["2cf91GqjSVLN4H09ROdXV7G",["node","bgWinNode","bgLoseNode","labelWin","labelLose"],3,1,1,1,1,1],["cc.PrefabInfo",["fileId","root"],2,1],["cc.Sprite",["_sizeMode","node","_spriteFrame"],2,1,6],["cc.Label",["_string","_fontSize","_lineHeight","_isSystemFontUsed","_N$horizontalAlign","_N$verticalAlign","node","_N$file"],-3,1,6]],[[4,0,1,2],[0,0,2,1,5,3,4,6,4],[0,0,2,1,5,3,4,6,8,4],[5,0,1,2,2],[6,0,1,2,3,4,5,6,7,7],[2,0,2],[0,0,1,7,3,4,3],[3,0,1,2,3,4,1]],[[[[5,"FlyScore"],[6,"FlyScore",0,[-7,-8,-9,-10],[[7,-6,-5,-4,-3,-2]],[0,"ed33a15/upKpIHfb5GU/ftA",-1]],[1,"bg_win",false,0,1,[[3,0,-11,0]],[0,"bcaa9YMvvhIGbpyGK2FZJq/",1],[5,200,73]],[1,"bg_lose",false,0,1,[[3,0,-12,1]],[0,"610b3iF0fpH3JbGv0UE9D0d",1],[5,200,73]],[2,"Label_Win",false,0,1,[[4,".1000",26,35,false,1,1,-13,2]],[0,"86d05UEM1pKsokFB9MhZExn",1],[5,95.33,30.33],[0,-2,0,0,0,0,1,1,1,1]],[2,"Label_Los",false,0,1,[[4,"/1000",26,35,false,1,1,-14,3]],[0,"ed9d8mNwh9C/7AbQphE2gvD",1],[5,95.33,30.33],[0,-2,0,0,0,0,1,1,1,1]]],0,[0,4,1,0,5,5,0,6,4,0,7,3,0,8,2,0,0,1,0,-1,2,0,-2,3,0,-3,4,0,-4,5,0,0,2,0,0,3,0,0,4,0,0,5,0,9,1,14],[0,0,0,0],[1,1,2,2],[1,2,3,4]],[[{"name":"blue_bg","rect":[240,311,153,67],"offset":[0,0],"originalSize":[161,73],"capInsets":[0,0,0,0]}],[1],0,[0],[3],[0]],[[{"name":"yellow_bg","rect":[240,384,153,67],"offset":[0,0],"originalSize":[161,73],"capInsets":[0,0,0,0]}],[1],0,[0],[3],[0]]]]