[1,["12c66f5ec","48QJnbYutCJr43E2KXc+Af","321DIa2WlBXIDM866hluCY","283CXc099Kh4ejGs1AWznL","b01zp3lsJERqJWB7jvnufy"],["_textureSetter","root","lblBet","icnBet","node","data","_spriteFrame"],["cc.SpriteFrame",["cc.Prefab",["_name"],2],["cc.Node",["_name","_children","_components","_prefab","_contentSize","_trs"],2,2,12,4,5,7],["cc.Node",["_name","_parent","_components","_prefab","_contentSize","_trs"],2,1,2,4,5,7],["11e4e3xqqhEtqDzFRZ4zjJ5",["node","icnBet","icnBetFrame","lblBet"],3,1,1,3,1],["cc.PrefabInfo",["fileId","root"],2,1],["cc.Label",["_string","_fontSize","_lineHeight","_N$horizontalAlign","_N$verticalAlign","node"],-2,1],["cc.Sprite",["node"],3,1]],[[5,0,1,2],[1,0,2],[2,0,1,2,3,4,5,2],[3,0,1,2,3,4,5,2],[4,0,1,2,3,1],[6,0,1,2,3,4,5,6],[7,0,1]],[[[{"name":"list_room_vip_3","rect":[3,366,124,126],"offset":[0,-0.5],"originalSize":[126,127],"rotated":1,"capInsets":[0,0,0,0]}],[0],0,[0],[0],[0]],[[{"name":"list_room_vip_2","rect":[3,626,123,125],"offset":[0.5,0],"originalSize":[126,127],"rotated":1,"capInsets":[0,0,0,0]}],[0],0,[0],[0],[0]],[[[1,"BetItem"],[2,"jinbi",[-6],[[-2,[4,-5,-4,[0,1,2,3],-3]],1,4],[0,"14BMvtcLpFj6ZCt4TgmjBm",-1],[5,126,127],[0,0,0,0,0,0,1,0.6,0.6,1]],[3,"New Label",1,[-7],[0,"97eOav24FL64mZgvM1ygy7",1],[5,38,26],[-1,2.2,0,0,0,0,1,1,1,1]],[5,"10",34,26,1,1,2],[6,1]],0,[0,1,1,0,-1,4,0,2,3,0,3,4,0,4,1,0,-1,2,0,-1,3,0,5,1,7],[0,0,0,0,4],[-1,-2,-3,-4,6],[1,2,3,4,1]],[[{"name":"list_room_vip_1","rect":[3,496,124,125],"offset":[0,0],"originalSize":[126,127],"rotated":1,"capInsets":[0,0,0,0]}],[0],0,[0],[0],[0]],[[{"name":"list_room_vip_4","rect":[3,235,125,126],"offset":[0.5,-0.5],"originalSize":[126,127],"rotated":1,"capInsets":[0,0,0,0]}],[0],0,[0],[0],[0]]]]