[1,["68KU8wgNBDJZ2Uc8P173a3","1efe252ae","60rUTKQ3lAfqBLmV3DE3jV"],["node","_spriteFrame","_textureSetter","root","lblScore","lblNick_O","lblNick_M","icnHead_O","icnHead_M","data"],[["cc.Node",["_name","_zIndex","_components","_prefab","_contentSize","_parent","_children","_trs","_anchorPoint"],1,9,4,5,1,2,7,5],["cc.Sprite",["_sizeMode","node","_spriteFrame"],2,1,6],["cc.Node",["_name","_zIndex","_parent","_components","_prefab","_color","_contentSize","_trs","_anchorPoint"],1,1,2,4,5,5,7,5],"cc.SpriteFrame",["cc.Prefab",["_name"],2],["4231bJButxCNYphUHGLdP5g",["node","icnHead_M","icnHead_O","lblNick_M","lblNick_O","lblScore","lblColors"],3,1,1,1,1,1,1,12],["cc.PrefabInfo",["fileId","root"],2,1],["cc.Mask",["_type","_N$alphaThreshold","node"],1,1],["cc.Widget",["alignMode","_alignFlags","_left","node"],0,1],["e4fd0BOFW1I5rw3fi0K+ktb",["node"],3,1],["cc.Label",["_srcBlendFactor","_string","_fontSize","_N$horizontalAlign","_N$verticalAlign","node"],-2,1]],[[6,0,1,2],[0,0,1,5,2,3,4,7,3],[10,0,1,2,3,4,5,6],[0,0,1,5,6,2,3,4,7,3],[0,0,1,5,2,3,4,3],[2,0,1,2,3,4,5,6,8,7,3],[7,0,1,2,3],[8,0,1,2,3,4],[1,0,1,2],[1,0,1,2,2],[9,0,1],[4,0,2],[0,0,1,6,2,3,4,8,3],[2,0,1,2,3,4,5,6,7,3],[5,0,1,2,3,4,5,6,1],[1,1,2,1]],[[[{"name":"t_yxxq_jt","rect":[959,586,37,27],"offset":[0,0],"originalSize":[37,27],"capInsets":[0,0,0,0]}],[3],0,[0],[2],[1]],[[[11,"RecordYingKuiListItem"],[12,"RecordYingKuiListItem",0,[-8,-9,-10,-11,-12,-13,-14,-15],[[14,-7,-6,-5,-4,-3,-2,[[[4,4279045602],[4,4292502279]],8,8]]],[0,"b1Eq7gwzJJvoqt05e00Pto",-1],[5,561,76],[0,0.5,1]],[3,"head",0,1,[-18],[[6,1,1,-16],[7,0,8,1,-17]],[0,"17VjrIPWtPu4LnbGqBeno1",1],[5,60,60],[-249.5,-38,0,0,0,0,1,1,1,1]],[4,"head",0,2,[[8,0,-19],[10,-20]],[0,"12mk7mPs5ES7DryJSVTj6F",1],[5,60,60]],[3,"head",0,1,[-23],[[6,1,1,-21],[7,0,8,287.5,-22]],[0,"a9WgpJWudFZIPkZY7FjXX1",1],[5,60,60],[37,-38,0,0,0,0,1,1,1,1]],[4,"head",0,4,[[8,0,-24],[10,-25]],[0,"5fSOUON7FKh5224qfLcGg1",1],[5,60,60]],[1,"bg_txk_hs",0,1,[[9,0,-26,0]],[0,"125Pfpl8xPQItyggU7hdLG",1],[5,62,62],[-249.5,-38,0,0,0,0,1,1,1,1]],[5,"nick",0,1,[-27],[0,"e1BkJviUVKoJqafD4apXNY",1],[4,4285151794],[5,140,40],[0,0,0.5],[-215,-38,0,0,0,0,1,1,1,1]],[2,1,"天天打豆豆",28,1,1,7],[1,"t_yxxq_jt",0,1,[[15,-28,1]],[0,"99pryzjP5Ht6bTuNX/fc1X",1],[5,37,27],[-33,-38,0,0,0,0,1,1,1,1]],[1,"bg_txk_hs",0,1,[[9,0,-29,2]],[0,"27O1qUMftLJpGZAmkvBQ/c",1],[5,62,62],[37,-38,0,0,0,0,1,1,1,1]],[5,"nick",0,1,[-30],[0,"adrhRsoUFHFqazJ8HfoDtg",1],[4,4285151794],[5,140,40],[0,0,0.5],[72,-38,0,0,0,0,1,1,1,1]],[2,1,"天天打豆豆",28,1,1,11],[13,"score",0,1,[-31],[0,"554TzndnBIoph8NZiKltVf",1],[4,4279045602],[5,15.57,40],[260,-38,0,0,0,0,1,1,1,1]],[2,1,"6",28,1,1,13]],0,[0,3,1,0,4,14,0,5,12,0,6,8,0,7,5,0,8,3,0,0,1,0,-1,2,0,-2,6,0,-3,7,0,-4,9,0,-5,4,0,-6,10,0,-7,11,0,-8,13,0,0,2,0,0,2,0,-1,3,0,0,3,0,0,3,0,0,4,0,0,4,0,-1,5,0,0,5,0,0,5,0,0,6,0,-1,8,0,0,9,0,0,10,0,-1,12,0,-1,14,0,9,1,31],[0,0,0],[1,1,1],[0,2,0]]]]