[1,["fdiQXPu9lKdJXUY2MSncgx","24pD1kw1lNUYAeKy7hkdJQ","48aB4ZuU5N04/RNiF3YFAW","fbpmZ1bN5NprSmxX2oimsx","42btMtQJhB7Jymay8oMDqe","5cg9G042RB0KOwWuvlQF+f","94UjLS5RFDnaLfcLhwoGup","f2wI9FhsRJgqS8zMHvEuHl","aasDEOpiBJnJxq80BoXexF","8djjP+TlJGuJeOfcmnftZ6","7bO1c/2F9Ia4ysH/I6q3bE","a7GrwnurJAJLzkH0FuNRxA","e9+RalRWlIlrrmhflVB/tC","05azNiOm1FEJJux3sXdjO1","fcCWuy+NhG1q4kqGXNvi7J","56xL65JY5ACIcJibJQhFdH","742LL6O9hIXJpzN9Yb4NOH","d2VR53UsZMN4L9Sz6urAtk","9fmGjlOv1IZYtEpPfTZDKt","7caA+33WdGTaiXRl4dIESO","a7iUaR5O9JMbpetuu8xAOE","60kqjoXzhPCqsKLwHBcHWG","73SaY0Rz1Gar9n99k3Tb0A","b1T7zzRNZNLoFJ0uGrN6cx","39rSs8CLBPCbAwaUQe9LSB","e2R4/M7MlEJI+KNK0DnYl3","ecLyOAwFRD2Y8RNFckIoPv","7eNizrpWhG1Jluq8k5R5bn","76gmJpQphNkauuAU8mW3nW","85HBHs3eZPtZqFS8sf45ub","9cJ2wPnGdKPLPMbJLtQEvY","0aB12PmGBFEIJIprf5bTSs","d92XXggsFCU5lDy5vDTVlz","33NpodTjJP5J56bgGpi5Eq","ceNH3Lt3JHtJggwVXwd7Nz","34v3xmJARAaofa1irroOUQ","4cLzXgCfVLNakxYfaXAJ0H"],["_textureSetter","1","2","3","4","5","6","7","8","9","10","11","12","13","14","15","16","17","18","19","20","21","22","23","24","25","26","27","28","29","30","31","32","33","34","35","36"],["cc.SpriteFrame",["cc.SpriteAtlas",["_name","_spriteFrames"],2,11]],[[1,0,1,2]],[[[{"name":"13","rect":[0,297,105,99],"offset":[0,0],"originalSize":[105,99],"capInsets":[0,0,0,0]}],[0],0,[0],[0],[0]],[[{"name":"31","rect":[212,714,106,106],"offset":[0,0],"originalSize":[106,106],"capInsets":[0,0,0,0]}],[0],0,[0],[0],[0]],[[{"name":"33","rect":[0,820,106,106],"offset":[0,0],"originalSize":[106,106],"capInsets":[0,0,0,0]}],[0],0,[0],[0],[0]],[[{"name":"35","rect":[212,820,106,106],"offset":[0,0],"originalSize":[106,106],"capInsets":[0,0,0,0]}],[0],0,[0],[0],[0]],[[{"name":"24","rect":[318,502,106,106],"offset":[0,0],"originalSize":[106,106],"capInsets":[0,0,0,0]}],[0],0,[0],[0],[0]],[[{"name":"4","rect":[315,0,105,99],"offset":[0,0],"originalSize":[105,99],"capInsets":[0,0,0,0]}],[0],0,[0],[0],[0]],[[{"name":"2","rect":[105,0,105,99],"offset":[0,0],"originalSize":[105,99],"capInsets":[0,0,0,0]}],[0],0,[0],[0],[0]],[[{"name":"36","rect":[318,820,106,106],"offset":[0,0],"originalSize":[106,106],"capInsets":[0,0,0,0]}],[0],0,[0],[0],[0]],[[{"name":"15","rect":[210,297,105,99],"offset":[0,0],"originalSize":[105,99],"capInsets":[0,0,0,0]}],[0],0,[0],[0],[0]],[[[0,"emoji.plist",[{},"1",6,0,"2",6,1,"3",6,2,"4",6,3,"5",6,4,"6",6,5,"7",6,6,"8",6,7,"9",6,8,"10",6,9,"11",6,10,"12",6,11,"13",6,12,"14",6,13,"15",6,14,"16",6,15,"17",6,16,"18",6,17,"19",6,18,"20",6,19,"21",6,20,"22",6,21,"23",6,22,"24",6,23,"25",6,24,"26",6,25,"27",6,26,"28",6,27,"29",6,28,"30",6,29,"31",6,30,"32",6,31,"33",6,32,"34",6,33,"35",6,34,"36",6,35]]],0,0,[0,0,0,0,0,0,0,0,0,0,0,0,0,0,0,0,0,0,0,0,0,0,0,0,0,0,0,0,0,0,0,0,0,0,0,0],[1,2,3,4,5,6,7,8,9,10,11,12,13,14,15,16,17,18,19,20,21,22,23,24,25,26,27,28,29,30,31,32,33,34,35,36],[1,2,3,4,5,6,7,8,9,10,11,12,13,14,15,16,17,18,19,20,21,22,23,24,25,26,27,28,29,30,31,32,33,34,35,36]],[[{"name":"5","rect":[0,99,105,99],"offset":[0,0],"originalSize":[105,99],"capInsets":[0,0,0,0]}],[0],0,[0],[0],[0]],[[{"name":"21","rect":[0,502,106,106],"offset":[0,0],"originalSize":[106,106],"capInsets":[0,0,0,0]}],[0],0,[0],[0],[0]],[[{"name":"22","rect":[106,502,106,106],"offset":[0,0],"originalSize":[106,106],"capInsets":[0,0,0,0]}],[0],0,[0],[0],[0]],[[{"name":"16","rect":[315,297,105,99],"offset":[0,0],"originalSize":[105,99],"capInsets":[0,0,0,0]}],[0],0,[0],[0],[0]],[[{"name":"28","rect":[318,608,106,106],"offset":[0,0],"originalSize":[106,106],"capInsets":[0,0,0,0]}],[0],0,[0],[0],[0]],[[{"name":"10","rect":[105,198,105,99],"offset":[0,0],"originalSize":[105,99],"capInsets":[0,0,0,0]}],[0],0,[0],[0],[0]],[[{"name":"19","rect":[212,396,106,106],"offset":[0,0],"originalSize":[106,106],"capInsets":[0,0,0,0]}],[0],0,[0],[0],[0]],[[{"name":"27","rect":[212,608,106,106],"offset":[0,0],"originalSize":[106,106],"capInsets":[0,0,0,0]}],[0],0,[0],[0],[0]],[[{"name":"29","rect":[0,714,106,106],"offset":[0,0],"originalSize":[106,106],"capInsets":[0,0,0,0]}],[0],0,[0],[0],[0]],[[{"name":"9","rect":[0,198,105,99],"offset":[0,0],"originalSize":[105,99],"capInsets":[0,0,0,0]}],[0],0,[0],[0],[0]],[[{"name":"6","rect":[105,99,105,99],"offset":[0,0],"originalSize":[105,99],"capInsets":[0,0,0,0]}],[0],0,[0],[0],[0]],[[{"name":"30","rect":[106,714,106,106],"offset":[0,0],"originalSize":[106,106],"capInsets":[0,0,0,0]}],[0],0,[0],[0],[0]],[[{"name":"18","rect":[106,396,106,106],"offset":[0,0],"originalSize":[106,106],"capInsets":[0,0,0,0]}],[0],0,[0],[0],[0]],[[{"name":"11","rect":[210,198,105,99],"offset":[0,0],"originalSize":[105,99],"capInsets":[0,0,0,0]}],[0],0,[0],[0],[0]],[[{"name":"20","rect":[318,396,106,106],"offset":[0,0],"originalSize":[106,106],"capInsets":[0,0,0,0]}],[0],0,[0],[0],[0]],[[{"name":"8","rect":[315,99,105,99],"offset":[0,0],"originalSize":[105,99],"capInsets":[0,0,0,0]}],[0],0,[0],[0],[0]],[[{"name":"23","rect":[212,502,106,106],"offset":[0,0],"originalSize":[106,106],"capInsets":[0,0,0,0]}],[0],0,[0],[0],[0]],[[{"name":"34","rect":[106,820,106,106],"offset":[0,0],"originalSize":[106,106],"capInsets":[0,0,0,0]}],[0],0,[0],[0],[0]],[[{"name":"17","rect":[0,396,106,106],"offset":[0,0],"originalSize":[106,106],"capInsets":[0,0,0,0]}],[0],0,[0],[0],[0]],[[{"name":"32","rect":[318,714,106,106],"offset":[0,0],"originalSize":[106,106],"capInsets":[0,0,0,0]}],[0],0,[0],[0],[0]],[[{"name":"25","rect":[0,608,106,106],"offset":[0,0],"originalSize":[106,106],"capInsets":[0,0,0,0]}],[0],0,[0],[0],[0]],[[{"name":"12","rect":[315,198,105,99],"offset":[0,0],"originalSize":[105,99],"capInsets":[0,0,0,0]}],[0],0,[0],[0],[0]],[[{"name":"26","rect":[106,608,106,106],"offset":[0,0],"originalSize":[106,106],"capInsets":[0,0,0,0]}],[0],0,[0],[0],[0]],[[{"name":"7","rect":[210,99,105,99],"offset":[0,0],"originalSize":[105,99],"capInsets":[0,0,0,0]}],[0],0,[0],[0],[0]],[[{"name":"3","rect":[210,0,105,99],"offset":[0,0],"originalSize":[105,99],"capInsets":[0,0,0,0]}],[0],0,[0],[0],[0]],[[{"name":"14","rect":[105,297,105,99],"offset":[0,0],"originalSize":[105,99],"capInsets":[0,0,0,0]}],[0],0,[0],[0],[0]]]]