[1,["94u47/ro5HOK4zoqFxTT3Z","dadhIPSMlDHJM0X9oy3vyQ","11NqH40Y1CWY8VrplxinzA","3654bwippEuaLTvwPLSh2U","3ayPHxvqFDs7cF3xiTR/wf","d4VgodQMdM2LeNT9VXOYXP","5eWS2FgclG6prGVKcnmGX+","a7TdyfRuJCPJmuYcI6oocq","95+0FTDEVP9o36PKvU/PMN","a1bv6lSfNEWrQUbLnKFAw1","32ZpghgCZONbflCMBjT+oh","95mcGlFg5IDIlZoGlEe3bA","5fspPvxJxIH5EgU5f/4BhW","9bB9DpcOxJ7buRgAaeim+w","be7k4bo2xI3LXnQVX4d+I5","45tdkTGlJHDbqWAZ+X4HFk","b6OntCKQhNq5ET5C8lYYaf","1bK6hZq6NJ25JaJBj9zsKH","59ri4+hOxDFrwVVbPjyQKT","f7AkmpC+1BXLoYXDNxECK4","c6GCUl6nVCB6l182xJmNhO","5e2CDmk3RD9ZzsvI+fvoAd"],["_textureSetter","t_niuji_0","t_niuji_1","t_niuji_10","t_niuji_11","t_niuji_12","t_niuji_13","t_niuji_14","t_niuji_15","t_niuji_16","t_niuji_17","t_niuji_18","t_niuji_19","t_niuji_2","t_niuji_20","t_niuji_3","t_niuji_4","t_niuji_5","t_niuji_6","t_niuji_7","t_niuji_8","t_niuji_9"],["cc.SpriteFrame",["cc.SpriteAtlas",["_name","_spriteFrames"],2,11]],[[1,0,1,2]],[[[{"name":"t_niuji_1","rect":[2,451,169,71],"offset":[0,0],"originalSize":[169,71],"capInsets":[0,0,0,0]}],[0],0,[0],[0],[0]],[[{"name":"t_niuji_5","rect":[173,2,169,74],"offset":[0,0],"originalSize":[169,74],"capInsets":[0,0,0,0]}],[0],0,[0],[0],[0]],[[[0,"CardType_9.plist",[{},"t_niuji_0",6,0,"t_niuji_1",6,1,"t_niuji_10",6,2,"t_niuji_11",6,3,"t_niuji_12",6,4,"t_niuji_13",6,5,"t_niuji_14",6,6,"t_niuji_15",6,7,"t_niuji_16",6,8,"t_niuji_17",6,9,"t_niuji_18",6,10,"t_niuji_19",6,11,"t_niuji_2",6,12,"t_niuji_20",6,13,"t_niuji_3",6,14,"t_niuji_4",6,15,"t_niuji_5",6,16,"t_niuji_6",6,17,"t_niuji_7",6,18,"t_niuji_8",6,19,"t_niuji_9",6,20]]],0,0,[0,0,0,0,0,0,0,0,0,0,0,0,0,0,0,0,0,0,0,0,0],[1,2,3,4,5,6,7,8,9,10,11,12,13,14,15,16,17,18,19,20,21],[1,2,3,4,5,6,7,8,9,10,11,12,13,14,15,16,17,18,19,20,21]],[[{"name":"t_niuji_17","rect":[419,76,169,72],"offset":[0,0],"originalSize":[169,72],"rotated":1,"capInsets":[0,0,0,0]}],[0],0,[0],[0],[0]],[[{"name":"t_niuji_10","rect":[344,247,169,72],"offset":[0,0],"originalSize":[169,72],"rotated":1,"capInsets":[0,0,0,0]}],[0],0,[0],[0],[0]],[[{"name":"t_niuji_11","rect":[173,228,169,73],"offset":[0,0],"originalSize":[169,73],"capInsets":[0,0,0,0]}],[0],0,[0],[0],[0]],[[{"name":"t_niuji_3","rect":[418,247,169,71],"offset":[0,0],"originalSize":[169,71],"rotated":1,"capInsets":[0,0,0,0]}],[0],0,[0],[0],[0]],[[{"name":"t_niuji_6","rect":[2,378,169,71],"offset":[0,0],"originalSize":[169,71],"capInsets":[0,0,0,0]}],[0],0,[0],[0],[0]],[[{"name":"t_niuji_13","rect":[173,153,169,73],"offset":[0,0],"originalSize":[169,73],"capInsets":[0,0,0,0]}],[0],0,[0],[0],[0]],[[{"name":"t_niuji_9","rect":[173,303,169,71],"offset":[0,0],"originalSize":[169,71],"capInsets":[0,0,0,0]}],[0],0,[0],[0],[0]],[[{"name":"t_niuji_19","rect":[2,2,169,77],"offset":[0,0],"originalSize":[169,77],"capInsets":[0,0,0,0]}],[0],0,[0],[0],[0]],[[{"name":"t_niuji_18","rect":[173,78,169,73],"offset":[0,0],"originalSize":[169,73],"capInsets":[0,0,0,0]}],[0],0,[0],[0],[0]],[[{"name":"t_niuji_15","rect":[173,449,169,71],"offset":[0,0],"originalSize":[169,71],"capInsets":[0,0,0,0]}],[0],0,[0],[0],[0]],[[{"name":"t_niuji_2","rect":[344,418,169,71],"offset":[0,0],"originalSize":[169,71],"rotated":1,"capInsets":[0,0,0,0]}],[0],0,[0],[0],[0]],[[{"name":"t_niuji_16","rect":[2,81,169,73],"offset":[0,0],"originalSize":[169,73],"capInsets":[0,0,0,0]}],[0],0,[0],[0],[0]],[[{"name":"t_niuji_14","rect":[173,522,169,70],"offset":[0,0],"originalSize":[169,70],"capInsets":[0,0,0,0]}],[0],0,[0],[0],[0]],[[{"name":"t_niuji_4","rect":[2,231,169,72],"offset":[0,0],"originalSize":[169,72],"capInsets":[0,0,0,0]}],[0],0,[0],[0],[0]],[[{"name":"t_niuji_20","rect":[344,76,169,73],"offset":[0,0],"originalSize":[169,73],"rotated":1,"capInsets":[0,0,0,0]}],[0],0,[0],[0],[0]],[[{"name":"t_niuji_8","rect":[2,305,169,71],"offset":[0,0],"originalSize":[169,71],"capInsets":[0,0,0,0]}],[0],0,[0],[0],[0]],[[{"name":"t_niuji_12","rect":[2,156,169,73],"offset":[0,0],"originalSize":[169,73],"capInsets":[0,0,0,0]}],[0],0,[0],[0],[0]],[[{"name":"t_niuji_0","rect":[344,2,123,72],"offset":[0,0],"originalSize":[123,72],"capInsets":[0,0,0,0]}],[0],0,[0],[0],[0]],[[{"name":"t_niuji_7","rect":[173,376,169,71],"offset":[0,0],"originalSize":[169,71],"capInsets":[0,0,0,0]}],[0],0,[0],[0],[0]]]]