[1,["2104VtV21LSpUiUPmFLdeW","126c15002","07I1k9tRZENJtG3I2QSBj1","1d7c846ac","362oskdhlEpKQAwSc3wt7Z","90yAAn/BlBqIShpYpWCu/t","aflUDO1xlEErevBfmm6Y5c","ef1t3vdmhLJYyeHAjDsa0y","caGQr8yWlFwYi4YFHAnjR8","3f4Ks+8SJPlrezdo1upy3P"],["node","_spriteFrame","_textureSetter","_parent","_N$backgroundImage","_N$target","root","Btn_GetCode","Lbl_Code","Edit_Code","Edit_Pas","Edit_Phone","data","_N$normalSprite"],[["cc.Node",["_name","_zIndex","_opacity","_active","_components","_prefab","_contentSize","_parent","_trs","_color","_children","_anchorPoint"],-1,9,4,5,1,7,5,2,5],["cc.Widget",["alignMode","_alignFlags","_originalWidth","_left","_top","_originalHeight","_right","_bottom","node"],-5,1],"cc.SpriteFrame",["cc.Label",["_srcBlendFactor","_fontSize","_N$verticalAlign","_string","_N$overflow","_N$horizontalAlign","_enableWrapText","_lineHeight","node"],-5,1],["cc.Node",["_name","_zIndex","_components","_prefab","_contentSize","_trs","_children","_parent"],1,2,4,5,7,2,1],["cc.Sprite",["_sizeMode","_type","node","_spriteFrame"],1,1,6],["cc.Button",["_N$transition","zoomScale","node","clickEvents","_N$normalColor","_N$target","_N$normalSprite"],1,1,9,5,1,6],["cc.ClickEvent",["_componentId","handler","customEventData","target"],0,1],["cc.EditBox",["_N$returnType","_N$fontSize","_N$lineHeight","_N$placeholder","_N$placeholderFontSize","_N$maxLength","_N$inputMode","_N$inputFlag","node","_N$fontColor","_N$placeholderFontColor"],-5,1,8,8],["cc.Prefab",["_name"],2],["cc.Node",["_name","_zIndex","_parent","_children","_components","_prefab","_contentSize","_trs"],1,1,2,12,4,5,7],["cc.BlockInputEvents",["node"],3,1],["c4ea8UIRalNubkI1hwhoJqf",["node","Edit_Phone","Edit_Pas","Edit_Code","Lbl_Code","Btn_GetCode"],3,1,1,1,1,1,1],["cc.PrefabInfo",["fileId","root"],2,1]],[[13,0,1,2],[5,1,0,2,3,3],[0,0,1,7,4,5,9,6,8,3],[1,0,1,4,8,4],[5,0,2,3,2],[3,0,3,1,5,2,8,6],[0,0,1,7,4,5,6,8,3],[0,0,1,7,10,4,5,6,8,3],[0,0,1,7,4,5,6,3],[0,0,3,1,7,4,5,9,6,11,8,4],[0,0,1,7,4,5,9,6,11,8,3],[11,0,1],[3,0,1,6,2,4,8,6],[3,0,3,1,7,6,2,4,8,8],[0,0,1,10,4,5,6,8,3],[4,0,1,6,2,3,4,5,3],[1,0,1,2,5,8,5],[1,0,1,3,6,2,8,6],[1,0,1,3,8,4],[6,1,0,2,3,4,5,3],[7,0,1,2,3,4],[8,0,1,2,3,4,5,6,8,9,10,8],[9,0,2],[0,0,1,7,10,4,5,6,3],[0,0,2,1,7,4,5,9,6,4],[4,0,1,7,6,2,3,4,5,3],[4,0,1,7,2,3,4,5,3],[10,0,1,2,3,4,5,6,7,3],[1,0,1,3,6,4,7,2,5,8,9],[1,0,1,3,6,4,2,8,7],[1,0,1,4,7,5,8,6],[12,0,1,2,3,4,5,1],[5,2,3,1],[6,0,2,3,4,5,6,2],[7,0,1,3,3],[3,0,3,1,5,2,4,8,7],[8,0,1,2,3,4,5,7,6,8,9,10,9]],[[[{"name":"bt_qy_sjbd_ljbd_0","rect":[296,3,240,89],"offset":[1,0.5],"originalSize":[250,100],"capInsets":[0,0,0,0]}],[2],0,[0],[2],[1]],[[{"name":"bg_qy_sjbd_tk","rect":[344,870,67,67],"offset":[0,0],"originalSize":[77,77],"capInsets":[20,0,20,0]}],[2],0,[0],[2],[1]],[[{"name":"bg_fkbxx","rect":[184,247,254,65],"offset":[-1,-1.5],"originalSize":[258,82],"rotated":1,"capInsets":[0,0,0,0]}],[2],0,[0],[2],[3]],[[[22,"BindPhone"],[14,"BindPhone",0,[-10,-11],[[16,0,45,664,1131,-2],[11,-3],[31,-9,-8,-7,-6,-5,-4]],[0,"d3YEJuSFxDFY8NFFJL8Po/",-1],[5,720,1280],[360,640,0,0,0,0,1,1,1,1]],[14,"content",0,[-14,-15,-16,-17,-18],[[1,1,0,-12,9],[28,0,45,30,30,100,40,100,100,-13]],[0,"67I2vQBNJNH7EF3zYgSjcZ",1],[5,604,560],[0,-30,0,0,0,0,1,1,1,1]],[23,"BindPhone",0,1,[-21,-22,2],[[1,1,0,-19,10],[11,-20]],[0,"0c+jZ5/EhDW58tl1NnGU53",1],[5,664,700]],[6,"bt_exit_0",0,3,[[4,0,-23,2],[29,0,33,14,14,4,70,-24],[19,1.1,3,-26,[[34,"c4ea8UIRalNubkI1hwhoJqf","close",1]],[4,4292269782],-25]],[0,"62AcrRiNZFf5jd7lsZHtFD",1],[5,70,70],[283,311,0,0,0,0,1,1,1,1]],[15,"New EditBox",0,[-28,-29,-30],[-27],[0,"05EfTQxyRIP6UyGhiKcw6r",1],[5,400,67],[50,0,0,0,0,0,1,1,1,1]],[15,"New EditBox",0,[-32,-33,-34],[-31],[0,"66vYSsISpMJpJoo5e/K0Mf",1],[5,400,67],[50,0,0,0,0,0,1,1,1,1]],[7,"msgcode",0,2,[-36,-37,-38],[[3,0,1,354.5,-35]],[0,"bcJ5Ay031IR7DFrvlotqUA",1],[5,600,80],[0,-114.5,0,0,0,0,1,1,1,1]],[25,"New EditBox",0,7,[-40,-41,-42],[-39],[0,"f9dVE5CHlINbrPlGheCFrJ",1],[5,240,67],[-30,0,0,0,0,0,1,1,1,1]],[27,"bt_qy_sjbd_hqyzm_0",0,7,[-45],[[[4,0,-43,6],-44],4,1],[0,"ebDdNKYZJAaK9HwTSzZQfX",1],[5,180,60],[196,-1,0,0,0,0,1,1,1,1]],[6,"bt_qy_sjbd_ljbd_0",0,2,[[4,0,-46,7],[33,2,-48,[[20,"c4ea8UIRalNubkI1hwhoJqf","bindPhone","sjbd_confirm",1]],[4,4292269782],-47,8],[30,0,1,454.5,231.125,89,-49]],[0,"e3/NVm8SpJZLoimJhiJK3Z",1],[5,240,89],[0,-219,0,0,0,0,1,1,1,1]],[24,"singleColor",100,0,1,[[4,0,-50,0],[16,0,45,2,2,-51],[11,-52]],[0,"5da8EclEVIU53ic9aDyriC",1],[4,4278190080],[5,720,1280]],[7,"phone",0,2,[-54,5],[[3,0,1,152.5,-53]],[0,"68hOJAyB5GlpFOjVBxJrs0",1],[5,600,80],[0,87.5,0,0,0,0,1,1,1,1]],[7,"password",0,2,[-56,6],[[3,0,1,251.5,-55]],[0,"87ENCqh+FJv4ATU+/GMUU/",1],[5,600,80],[0,-11.5,0,0,0,0,1,1,1,1]],[6,"bg_shangcheng",0,3,[[32,-57,1],[3,0,17,4.5,-58]],[0,"3fYRUm2y9A2oQBiMWxFzZC",1],[5,254,65],[0,313,0,0,0,0,1,1,1,1]],[2,"New Label",0,2,[[35,1,"请绑定您的手机号码，\n仅用于防止您的房卡数据丢失",30,1,1,3,-59],[17,0,40,40,40,600,-60]],[0,"58XlS7xFtPB4O9U+SFl5Zy",1],[4,4283509800],[5,524,80],[0,199,0,0,0,0,1,1,1,1]],[2,"New Label",0,12,[[5,1,"手机号",30,1,1,-61],[17,0,8,30,433.5,157,-62]],[0,"133eEpBo9CtZejyPu5CNhN",1],[4,4284560431],[5,90,40],[-225,0,0,0,0,0,1,1,1,1]],[2,"New Label",0,13,[[5,1,"密码",30,1,1,-63],[18,0,8,30,-64]],[0,"82raLj/VJJuoSh2lHVsX7f",1],[4,4284560431],[5,60,40],[-240,0,0,0,0,0,1,1,1,1]],[2,"New Label",0,7,[[5,1,"验证码",30,1,1,-65],[18,0,8,30,-66]],[0,"6d+DJLzCRIo4YeGFEuLc/r",1],[4,4284560431],[5,90,40],[-225,0,0,0,0,0,1,1,1,1]],[8,"BACKGROUND_SPRITE",0,5,[[1,1,0,-67,3]],[0,"fdAe2u7LFGTb1Jp0sA9URf",1],[5,400,67]],[9,"TEXT_LABEL",false,0,5,[[12,1,29,false,1,1,-68]],[0,"4aTGUtq/9I/Y6hARansfxz",1],[4,4278190080],[5,398,67],[0,0,1],[-198,33.5,0,0,0,0,1,1,1,1]],[10,"PLACEHOLDER_LABEL",0,5,[[13,1,"请输入手机号码",26,67,false,1,1,-69]],[0,"0dmRZ4vQxB45e8hwlX+Goz",1],[4,4286545791],[5,398,67],[0,0,1],[-198,33.5,0,0,0,0,1,1,1,1]],[21,0,29,40,"请输入手机号码",26,11,3,5,[4,4278190080],[4,4286545791]],[8,"BACKGROUND_SPRITE",0,6,[[1,1,0,-70,4]],[0,"5dIs97WohOR4M6y5BzyGI0",1],[5,400,67]],[9,"TEXT_LABEL",false,0,6,[[12,1,29,false,1,1,-71]],[0,"90/c0E5/lNQpOspATeWXBp",1],[4,4278190080],[5,398,67],[0,0,1],[-198,33.5,0,0,0,0,1,1,1,1]],[10,"PLACEHOLDER_LABEL",0,6,[[13,1,"请输入密码",26,67,false,1,1,-72]],[0,"a96NmEc1ZLDZjDf1CJx++B",1],[4,4286545791],[5,398,67],[0,0,1],[-198,33.5,0,0,0,0,1,1,1,1]],[36,0,29,40,"请输入密码",26,20,0,6,6,[4,4278190080],[4,4286545791]],[8,"BACKGROUND_SPRITE",0,8,[[1,1,0,-73,5]],[0,"98zORErWtEu64g4HQz1cIY",1],[5,240,67]],[9,"TEXT_LABEL",false,0,8,[[12,1,29,false,1,1,-74]],[0,"c1+4XKtjBNhpPv8RGrOjea",1],[4,4278190080],[5,238,67],[0,0,1],[-118,33.5,0,0,0,0,1,1,1,1]],[10,"PLACEHOLDER_LABEL",0,8,[[13,1,"请输入短信验证码",26,67,false,1,1,-75]],[0,"68iJ+15eNJf4WmsbMti19R",1],[4,4286545791],[5,238,67],[0,0,1],[-118,33.5,0,0,0,0,1,1,1,1]],[21,0,29,40,"请输入短信验证码",26,6,3,8,[4,4278190080],[4,4286545791]],[26,"New Label",0,9,[-76],[0,"aeWkOilmpEf61kR82ZdkfU",1],[5,100,40],[0,3.7,0,0,0,0,1,1,1,1]],[5,1,"获取验证码",20,1,1,31],[19,1.1,3,9,[[20,"c4ea8UIRalNubkI1hwhoJqf","getMsgCode","sjbd_getcode",1]],[4,4292269782],9]],0,[0,6,1,0,0,1,0,0,1,0,7,33,0,8,32,0,9,30,0,10,26,0,11,22,0,0,1,0,-1,11,0,-2,3,0,0,2,0,0,2,0,-1,15,0,-2,12,0,-3,13,0,-4,7,0,-5,10,0,0,3,0,0,3,0,-1,14,0,-2,4,0,0,4,0,0,4,0,5,4,0,0,4,0,-1,22,0,-1,19,0,-2,20,0,-3,21,0,-1,26,0,-1,23,0,-2,24,0,-3,25,0,0,7,0,-1,18,0,-2,8,0,-3,9,0,-1,30,0,-1,27,0,-2,28,0,-3,29,0,0,9,0,-2,33,0,-1,31,0,0,10,0,5,10,0,0,10,0,0,10,0,0,11,0,0,11,0,0,11,0,0,12,0,-1,16,0,0,13,0,-1,17,0,0,14,0,0,14,0,0,15,0,0,15,0,0,16,0,0,16,0,0,17,0,0,17,0,0,18,0,0,18,0,0,19,0,0,20,0,0,21,0,0,23,0,0,24,0,0,25,0,0,27,0,0,28,0,0,29,0,-1,32,0,12,1,2,3,3,5,3,12,6,3,13,76],[0,0,0,0,0,0,0,0,0,0,0,22,26,30],[1,1,1,1,1,1,1,1,13,1,1,4,4,4],[4,5,6,0,0,0,7,2,2,8,9,0,0,0]],[[{"name":"bt_qy_sjbd_hqyzm_0","rect":[331,543,191,60],"offset":[0.5,0],"originalSize":[200,72],"capInsets":[0,0,0,0]}],[2],0,[0],[2],[1]]]]